이름,우편번호,주소,주소상세,전화번호,이메일
이채원,98237,충청북도 수원시 팔달구 영동대가 257-96,지영장김빌라 994호,031-822-5273,junyeong96@example.net
김지훈,40553,세종특별자치시 성북구 봉은사가 358-26 (지원최이면),영미이마을,044-738-9295,ujinmin@example.org
한영길,18496,충청남도 증평군 백제고분길 54,민지권김아파트,044-858-8566,coeeunji@example.org
최지현,51628,대구광역시 북구 학동길 671 (재호김서면),영식김마을 135호,031-696-6635,ngang@example.com
최명자,69859,제주특별자치도 천안시 동남구 강남대21거리 918,은서나아파트 756호,054-590-3606,boram69@example.net
류도현,77151,인천광역시 금천구 잠실6가 668,선영손한아파트 680호,062-549-9076,dohyeongweon@example.net
강민수,12499,세종특별자치시 송파구 반포대가 545 (은주하홍동),성현이빌라 973호,017-889-3995,jungsu08@example.com
박옥순,92702,대구광역시 관악구 가락가 425-82 (정식안동),광수서연립,041-749-6648,yeeun65@example.com
박정남,84882,대전광역시 서대문구 오금길 127,예준민연립,016-892-2627,fi@example.com
전주원,23586,제주특별자치도 평택시 석촌호수8길 219 (민재이면),준영권김연립 F동 367호,041-537-7131,sunog42@example.com
강우진,93496,충청북도 포천시 테헤란39로 925,영숙이타워 V동 819호,019-355-1834,junseo10@example.org
김성현,01972,부산광역시 서대문구 잠실거리 322-20,미경이박아파트 079호,070-8300-2384,sonyeongjin@example.org
김영미,53335,충청남도 평택시 영동대길 454-5,병철박홍마을 636호,019-914-5763,icunja@example.net
김서윤,16901,광주광역시 구로구 오금70로 5,시우박강타워 029호,010-2048-7611,yeweon73@example.net
조옥자,76829,경상북도 수원시 개포872가 733,성수오아파트 478호,010-5376-0161,yunseongsu@example.com
차성민,13056,부산광역시 관악구 언주가 397-21,정호김타워,061-762-1700,ijiyeon@example.net
문예준,37765,경기도 고양시 덕양구 개포로 498 (준호황박리),지후오최연립 622호,061-199-8000,ceom@example.net
김영자,05433,전라북도 화천군 서초대430로 지하235,정식김마을 M동 431호,044-830-0830,seoyeonhong@example.net
최동현,69519,충청북도 계룡시 테헤란240로 632-17 (예진김권읍),지민허유빌라 Q동 568호,070-7952-9941,rbag@example.com
한종수,53050,세종특별자치시 동대문구 석촌호수거리 611,준서이고아파트 P동 851호,041-966-3029,jeongungo@example.net
한영호,87340,서울특별시 용산구 석촌호수거리 139,병철김연립 J동 988호,033-280-3993,simgyeonghyi@example.net
윤경숙,62809,세종특별자치시 종로구 가락60가 506 (준영이마을),예원홍빌라 448호,054-342-6244,sanghyeon02@example.com
김미경,62823,서울특별시 강서구 학동로 499-23,지연김이마을,016-858-4383,nu@example.net
최예은,02759,대구광역시 강남구 양재천길 374-50,상현오타워 041호,019-785-9114,igyeongsu@example.org
김시우,80024,충청북도 부천시 오금867가 582 (수민김박동),윤서심빌라 A동 717호,031-696-0961,baegyejun@example.com
남서영,29080,강원도 영동군 삼성99가 109 (옥자한동),현정김타워 라동 152호,010-6968-8608,coeseongjin@example.org
박진우,30279,광주광역시 종로구 영동대거리 지하339,지연박연립,041-330-4460,minjigim@example.org
이영진,25083,대구광역시 양천구 영동대거리 411-99,준서허김마을 Q동 635호,041-809-8577,myeongsugcoe@example.com
이광수,91173,울산광역시 강북구 양재천71길 278,현정박손타운,033-471-6283,tjeong@example.org
박준호,31383,부산광역시 도봉구 양재천길 187-54,재호최타운,054-591-2245,yeweoncoe@example.com
한준영,39718,대전광역시 금천구 서초대로 188-70,경수윤마을,063-703-9325,ieunji@example.net
최선영,18284,대전광역시 노원구 서초중앙983가 887-89 (민지김박읍),민지전타운 219호,019-954-5162,bi@example.net
이경숙,44256,부산광역시 성동구 압구정거리 786-76,상훈김아파트 11동 830호,018-439-5745,mcoe@example.net
백경자,74699,세종특별자치시 마포구 백제고분로 528 (영일박읍),서준최아파트 864호,062-955-7837,yujini@example.com
장영환,56618,전라북도 수원시 영통구 논현94거리 206 (지현전홍면),준혁박빌라 N동 881호,043-432-9449,jihyeon23@example.net
최성호,83638,서울특별시 서초구 서초대8길 45,민서김마을 018호,062-707-7858,sanghunseo@example.com
이민준,05950,세종특별자치시 양천구 강남대7가 682-62 (영일이박면),진우한김빌라,041-451-4788,baggyeongja@example.net
엄옥순,95747,부산광역시 영등포구 논현57로 44,경희한김아파트 120호,043-448-5409,yunyeongho@example.net
권중수,22808,대구광역시 송파구 양재천73로 796 (영진최읍),준영이타워,02-4599-9181,mgim@example.org
류민재,75786,대구광역시 서초구 논현6길 700,도현이연립 P동 410호,053-015-2755,hanmyeongsug@example.com
김보람,58556,경상남도 금산군 양재천로 804-2,명자김김타워 600호,02-6969-7357,junhyeog96@example.com
김춘자,59592,울산광역시 노원구 영동대446가 526 (현준남동),경희민김아파트 837호,062-941-5964,ogjamun@example.net
송정식,52875,제주특별자치도 안성시 강남대가 779 (지원박동),지연김최아파트,061-689-0384,yejun35@example.net
류옥순,48378,광주광역시 용산구 선릉길 지하217 (영환박마을),정남김백아파트,02-9214-6227,cmin@example.com
박영일,76487,서울특별시 관악구 서초중앙793가 259 (영환안면),서영류타워,070-7721-9555,gyeongja51@example.net
김민석,81674,충청북도 보은군 서초대로 289-14,영미송김아파트 757동 541호,054-152-4736,nohyeonjeong@example.org
이성현,47404,전라남도 부천시 오정구 역삼0로 지하100,지훈김송아파트 나동 074호,052-334-9434,gweonseongsu@example.com
이정식,22454,경상북도 계룡시 학동거리 지하473,선영최이타워 I동 950호,044-852-0040,pheo@example.net
김정웅,26765,대전광역시 종로구 백제고분길 945-85 (민준이김동),현정김아파트 068호,019-848-9643,ogsunbag@example.com
최춘자,92102,세종특별자치시 서대문구 서초대가 452-23,상훈박우타워,052-877-4229,gimseungmin@example.net
노준호,32480,제주특별자치도 파주시 개포99로 지하690,지민이아파트,017-564-9055,rgim@example.com
이혜진,41604,인천광역시 송파구 강남대52길 203,현주지류아파트 752호,011-844-1504,josubin@example.com
최하은,37559,서울특별시 서구 서초대685로 488-56 (병철김리),예준서타워 874동 121호,042-008-0563,gwangsu96@example.org
김영길,58503,경상남도 성남시 분당구 테헤란716가 770 (민재박리),보람김하아파트 X동 585호,051-288-0473,gyeonghyibae@example.net
이광수,45009,대전광역시 강서구 강남대0길 154 (민재배남리),수민한김타워 M동 888호,017-643-7623,gimjinho@example.net
김미영,51156,전라북도 동해시 도산대로 87 (지우하장면),민재전타운 B동 949호,044-015-7902,iyeweon@example.org
이영숙,56866,인천광역시 서대문구 언주거리 855,은서이이아파트 라동 999호,031-769-7656,jongsu19@example.com
우은서,20435,광주광역시 광진구 가락0거리 670-20,은경박이빌라,051-691-4272,gimyeonggil@example.net
이지은,87054,강원도 청주시 흥덕구 오금거리 735 (경숙안박읍),민재박박빌라 K동 879호,052-856-7070,juweon66@example.org
박경자,73305,대구광역시 도봉구 강남대5가 416-14,유진류마을 077호,011-438-3002,hyeonui@example.org
임진우,68067,경상남도 속초시 가락918가 651 (현주장동),예진최황빌라 12동 095호,053-911-1804,gyeongjabag@example.com
박중수,05785,전라남도 구리시 봉은사438길 304,영희김아파트 939동 066호,044-453-5812,iminji@example.org
김성민,03224,경상남도 청양군 영동대322길 719 (도현이박면),상호문황연립,033-726-5928,fmin@example.net
최영환,50851,강원도 아산시 언주22로 620,명자김아파트 863호,011-989-6035,haeun55@example.net
최정훈,21359,충청남도 수원시 가락길 13,아름박타워,016-261-6993,minseogryu@example.org
권현숙,98494,대전광역시 서대문구 압구정길 596 (우진김이리),동현김아파트 923호,019-158-9223,jinho36@example.com
홍상철,85252,강원도 계룡시 선릉9길 576-88 (서현김장면),영일심마을 795호,052-339-9528,hyeonji66@example.com
이정호,95315,강원도 청주시 상당구 테헤란로 555-10 (예은하강읍),은서홍아파트 P동 815호,062-051-6666,ogwag@example.org
이승현,10420,서울특별시 은평구 도산대길 153 (정숙김마을),상철이빌라,063-057-9604,mijeonggim@example.net
김병철,04068,서울특별시 서대문구 백제고분63로 220 (영희김동),미경김타워,018-481-9536,coeogsun@example.org
우영호,36237,경상북도 이천시 잠실거리 638-21,승현이박아파트 N동 281호,062-079-5049,si@example.org
이미경,62237,인천광역시 동대문구 삼성가 242-23 (서연김읍),영환강김마을 마동 328호,064-713-8284,iyujin@example.com
이경자,78152,충청남도 태안군 테헤란길 53,정웅권이타워,033-367-0442,seonghungim@example.org
손영식,85415,인천광역시 동작구 서초대0가 890 (서준문양읍),미숙이빌라 251호,070-7667-5019,hyejincoe@example.net
김중수,37798,서울특별시 금천구 영동대315거리 617 (현준오면),성호이타워,031-998-9606,dgim@example.org
김민재,20762,대전광역시 중랑구 가락로 671,시우김박타운 J동 337호,064-763-7829,bageunji@example.net
박영순,35106,경상북도 인제군 서초대로 610-4 (성훈김김면),상철김마을 850호,054-802-3202,eunseo88@example.org
이우진,90790,경상남도 충주시 서초대거리 603,은정김박연립,032-082-7794,myeongjabae@example.net
송종수,52484,충청남도 홍성군 석촌호수364거리 512,준호이아파트 바동 195호,064-798-2072,munsubin@example.org
김승현,58874,경기도 안양시 논현로 885-40,숙자박윤타워 650호,064-742-4722,jiyeong61@example.net
구민재,66423,경기도 성남시 수정구 오금거리 지하488 (현지김김면),서영김하마을,017-171-9399,nhong@example.com
안정식,62813,서울특별시 서구 강남대880거리 558-41,하은이최아파트,018-091-3217,caeweongim@example.com
김도현,26302,울산광역시 마포구 삼성6거리 지하314,영숙윤김타운,010-4350-2565,yeweoni@example.com
최영일,21476,대전광역시 광진구 영동대160거리 646-17 (정숙박읍),준영김마을 174호,010-5781-0025,areum37@example.net
송영순,37166,대전광역시 마포구 오금거리 지하666 (상현박동),경숙이타운 675호,052-504-5832,vgim@example.org
김아름,79749,대구광역시 강남구 가락315가 592-79 (순옥이리),서연김송빌라 258호,011-888-7656,yeongjin31@example.net
김경숙,76455,충청남도 고양시 덕양구 석촌호수로 지하292,미경배타워 717호,062-785-4389,ijiweon@example.org
서유진,12249,경상남도 청주시 흥덕구 언주597거리 597-96,성진김강마을,018-259-3727,jinui@example.net
조영진,80427,대전광역시 종로구 학동522거리 103-85,수민김양아파트 213호,070-3283-2075,wheo@example.com
이옥자,39298,광주광역시 강남구 테헤란로 902,승민이아파트 655호,051-176-4608,gimdohyeon@example.com
이영진,85247,인천광역시 성동구 압구정거리 861,수진류타운 O동 220호,070-6271-2493,di@example.com
김주원,39643,울산광역시 서초구 백제고분로 614-9,영자강연립 S동 169호,044-933-7585,jinho57@example.org
강민수,72172,울산광역시 용산구 언주204길 962 (중수김김읍),예원조빌라 P동 195호,031-543-9903,sujinbag@example.com
박성호,82460,인천광역시 강남구 오금거리 704 (도현윤동),하윤최이아파트 595호,02-3072-7633,caeweon87@example.net
김재호,22406,전라북도 수원시 팔달구 반포대35가 510 (윤서박구리),정자신빌라 589호,010-9865-6761,ogsunhwang@example.net
허하윤,06008,제주특별자치도 아산시 학동84길 557-27 (아름김김면),영일엄연립 K동 298호,032-910-1986,juweon04@example.com
박예은,98091,세종특별자치시 도봉구 영동대길 409-37,성민류아파트 W동 226호,011-656-7821,gangogsun@example.org
김재현,94249,전라남도 부천시 압구정로 868,영환이타워 T동 056호,061-283-4452,jjang@example.net
이준영,45391,충청남도 포천시 역삼378거리 797-91,성수이빌라 626호,017-872-4790,vseo@example.net
이보람,74977,경상남도 강릉시 개포19가 283,은서정타워 U동 187호,031-834-3772,seonyeonggim@example.net
곽민지,55254,충청남도 부천시 소사구 영동대길 778-4,숙자윤안아파트,043-597-8009,juweon72@example.org
김병철,08207,광주광역시 강서구 석촌호수05가 93,정훈문김타운,051-900-1978,sujingim@example.net
최민수,74522,경상남도 단양군 학동로 159-81,정순김김아파트 449호,032-603-5907,lcoe@example.com
권정자,93183,광주광역시 강북구 서초중앙52거리 866-81 (성진이동),은서최타운 X동 454호,016-410-6774,ncoe@example.com
심아름,36635,대구광역시 양천구 선릉18가 999,지민이김아파트 마동 203호,043-800-6872,seunghyeonhong@example.org
이지연,28718,전라북도 부여군 개포길 243 (영철이장리),도윤김아파트 456호,016-768-1232,eunyeongi@example.net
이옥자,93316,경기도 성남시 백제고분로 687-2,재호김타운,055-217-2252,gyeongsu66@example.net
하민서,01508,경상북도 횡성군 서초대1로 708 (민준홍최리),성진김타운 X동 345호,061-837-5639,ego@example.org
허지원,72090,전라북도 용인시 수지구 논현로 696 (서준이안동),현숙이연립 P동 750호,063-795-9123,iyeongsu@example.org
김현정,29883,제주특별자치도 옥천군 가락013로 지하876 (승민오읍),예원이연립 D동 374호,019-272-3652,jinu02@example.net
강지혜,80809,서울특별시 송파구 봉은사05길 178,민석허타운 458호,061-533-5213,seoyeonbag@example.org
김미영,67104,울산광역시 종로구 강남대거리 549-28,은지박이타워,031-160-3316,hyeonu52@example.com
김성수,82613,광주광역시 서구 압구정길 752,상호박빌라,010-4836-7316,ryuminseog@example.net
김윤서,67129,서울특별시 북구 오금269길 296-37 (지후양동),영수나타운 A동 411호,063-545-1835,junyeonggweon@example.com
심준영,28471,대구광역시 서초구 오금가 120 (윤서이마을),승현김아파트 099호,044-570-1376,hyejin48@example.org
이상현,74903,세종특별자치시 서구 선릉68로 968-29 (경희김이동),상철김김타운,031-465-1399,yeonggil27@example.org
김진우,35817,전라북도 진천군 영동대58거리 785 (성현김마을),성현곽빌라 911호,051-399-4839,gimjiu@example.org
최미숙,02696,대구광역시 서구 강남대70가 89,영순황빌라,064-702-7921,junyeonggweon@example.org
배영식,13654,세종특별자치시 중구 오금3길 834-33 (예준김차면),정웅심아파트 405호,033-631-0588,vhwang@example.net
이병철,05308,인천광역시 은평구 역삼가 86-62 (순자전이면),은주손연립,032-197-4802,minji17@example.org
김영희,93947,서울특별시 서초구 삼성로 지하105,윤서조윤아파트,063-110-1373,ujin22@example.net
박현정,39630,전라남도 의왕시 오금04거리 510,우진남타운,031-157-7076,gmun@example.org
이미경,13204,강원도 철원군 압구정길 744-73,민지정타워 764호,042-850-9227,dohyeon21@example.net
박준혁,41587,전라남도 이천시 반포대가 262-75 (경희류이마을),상훈홍연립 528호,032-409-4573,eunyeongson@example.org
오서영,48360,광주광역시 도봉구 강남대6길 874-72,지훈박서연립,061-945-5777,seoyeonggim@example.com
윤예준,23729,대구광역시 송파구 잠실67길 718 (현지김마을),준호강김마을 X동 482호,064-734-0018,seonghyeoni@example.org
고지훈,17737,전라북도 고양시 석촌호수거리 404,준호김마을,019-632-1049,gimseonyeong@example.net
김하은,10270,인천광역시 서대문구 영동대가 663 (민서최면),준혁윤빌라 607호,061-267-4963,iogja@example.net
이정순,74221,전라북도 속초시 도산대559길 지하919,정숙신윤빌라,052-077-1951,reom@example.net
박준영,61685,대전광역시 성동구 반포대527길 688-23,영희손강빌라,017-496-0652,sangho69@example.com
김은서,89614,경상남도 수원시 장안구 백제고분거리 지하43,현숙김김마을 853동 744호,017-202-9993,xbag@example.net
박상현,17993,서울특별시 서대문구 석촌호수65길 124-12,지후이박연립 925호,055-681-9581,igyeongja@example.org
서정훈,86131,세종특별자치시 마포구 논현길 778 (옥순서리),민지손타운,032-586-5540,siubag@example.org
김성호,38506,경기도 서천군 논현로 지하241 (영일최권리),아름윤우빌라 I동 434호,055-424-0373,gimcunja@example.org
이은영,21902,경기도 증평군 학동60로 384 (미경황마을),춘자이아파트 F동 367호,064-776-7579,sunoggim@example.net
김경숙,45160,전라남도 예산군 역삼거리 331-73 (성호이마을),건우전연립 B동 481호,011-171-6092,nasujin@example.net
안서영,47534,서울특별시 중구 언주91길 지하306,미정장심타워 나동 342호,062-692-4210,nhwang@example.net
류은영,40760,전라북도 삼척시 영동대로 162-26,민수김김타워,064-783-8014,bagsumin@example.com
이성진,56669,서울특별시 강동구 개포가 지하862,준혁김아파트,064-773-4057,dohyeonbag@example.org
김미영,15095,전라북도 고성군 도산대거리 85-19,하윤정마을 423호,033-914-9377,doyun75@example.com
안정웅,41241,전라북도 서산시 삼성610거리 738-37,지혜김이아파트 M동 428호,055-589-7766,jujia@example.net
강상훈,04142,강원도 여주시 강남대가 660,예준이박타운,044-980-3715,hyeonju82@example.com
김민석,28870,대전광역시 강서구 잠실가 994-68,성민김최아파트 665호,051-539-5310,yejun80@example.com
곽예은,66475,충청북도 안양시 동안구 양재천가 327 (현우강조동),진우윤연립,031-342-8532,jungsugim@example.net
박서영,51659,충청북도 하남시 학동912로 865-99,성현차김연립 D동 687호,042-063-0789,soncaeweon@example.net
송하은,03897,광주광역시 마포구 서초대길 620,미영문마을 N동 587호,031-648-3466,ijinho@example.com
강정자,32314,부산광역시 양천구 서초대28거리 528,영길오연립 016호,032-580-3535,boram83@example.org
지영미,26771,인천광역시 북구 영동대가 473-51,정희손송아파트,041-918-0816,jongsugim@example.net
양정훈,32103,대전광역시 성북구 잠실5가 327-99 (재호류리),은서허타워 E동 848호,052-482-6754,hyeonjeong61@example.org
엄영호,88134,제주특별자치도 연천군 삼성890가 542-90,민수민박마을 K동 116호,051-175-1147,ogjai@example.net
이종수,94610,부산광역시 성북구 봉은사77거리 30,옥순신김타워,062-738-8390,can@example.net
김영철,73857,경상북도 서산시 테헤란7로 204-74 (지우김면),예원박아파트,011-379-1576,ijia@example.com
김성민,77021,대전광역시 광진구 서초대로 693-67 (은영박양리),서현강김연립 487호,055-697-2693,jihungim@example.com
김하윤,54598,충청남도 부여군 영동대거리 479-25,현주이강마을,011-425-4452,iu@example.net
류서준,94219,대구광역시 북구 서초중앙길 167,옥순홍빌라 281호,044-256-7192,siucoe@example.com
전은주,32588,부산광역시 성동구 개포9로 917 (정순김양면),중수이이타운,053-241-0126,minseog18@example.net
한영길,52262,서울특별시 동작구 서초중앙가 585,영희류황마을,018-296-8095,misug81@example.com
김현우,81081,울산광역시 성북구 강남대길 920,예진오아파트,010-5967-8700,nsong@example.org
김중수,52936,인천광역시 강북구 도산대910길 687 (영순남읍),지우강강타운 470호,011-505-7869,ihyeonjun@example.org
윤미숙,60380,전라북도 광주시 백제고분길 426-7 (도윤윤김읍),민서강연립 바동 187호,053-717-3616,hyeonji64@example.org
이서영,76977,울산광역시 양천구 삼성652로 337-53,시우차타운 Q동 621호,010-2821-6672,seunghyeoncoe@example.net
구정숙,38799,충청북도 단양군 가락길 9 (준영김읍),현숙이타워 라동 883호,032-121-2162,rgim@example.com
오진우,58794,광주광역시 성동구 강남대거리 810 (현준장동),은경이문연립 A동 030호,016-824-6489,yeongsubag@example.org
김예은,27356,경상남도 안성시 언주길 802-31,예준이김타운 234호,070-4827-1367,gimjiweon@example.com
김준혁,56287,충청북도 안성시 학동9길 995,영식권마을,054-179-6712,bagjeongsig@example.org
서서윤,40738,충청북도 수원시 영통구 논현8거리 지하404 (채원김마을),예은박김타운 630호,02-1136-6397,haeun13@example.com
김재호,43608,울산광역시 영등포구 봉은사거리 783-56 (영길박이읍),경숙최박아파트,043-285-2485,ti@example.com
김명자,35091,경상북도 당진시 봉은사0가 548,수빈안마을 I동 932호,032-112-4594,bagjunhyeog@example.com
장영철,86103,세종특별자치시 동구 서초중앙983길 15-39,중수김타운 517호,042-822-1197,jeongsu53@example.org
배건우,12358,경상북도 제천시 가락거리 645,정순이임빌라 825호,052-135-9712,yeongsugim@example.net
이승현,11792,세종특별자치시 중구 도산대거리 777-99,옥순김타운,044-292-1765,junseo87@example.org
김예지,84703,경기도 고양시 일산서구 양재천0거리 지하59 (은영이동),영식오빌라 Z동 719호,033-068-4098,geonugim@example.org
이수민,40872,서울특별시 동대문구 개포131로 146-44 (윤서이면),지영권장연립,064-792-2325,ljeon@example.org
김순옥,16801,경상북도 홍성군 오금592로 3-24 (지현김읍),정순정장빌라 190동 395호,054-323-0845,geonui@example.net
김병철,06464,울산광역시 강서구 선릉120거리 696,순옥황빌라,051-730-2461,eheo@example.org
안현숙,17852,충청북도 음성군 역삼9로 지하407 (예진류리),수빈김윤빌라,055-086-4862,jiyeong14@example.org
윤성훈,66470,충청남도 제천시 강남대32길 16 (예지장리),은지김타운 S동 235호,043-793-3343,junhyeog34@example.net
오정웅,38755,인천광역시 성동구 영동대9길 57 (은서김마을),영미권타운 I동 321호,032-295-6576,ihyeonji@example.net
김옥자,19757,부산광역시 용산구 영동대길 141,정숙이이빌라 U동 916호,051-571-2391,sunog71@example.org
김미경,43913,전라북도 연천군 개포로 743 (종수고김리),재현이빌라 432호,018-146-2856,hyeonsuggim@example.org
권아름,38850,경상북도 청주시 서원구 도산대길 53,예진박조타운 M동 635호,033-623-1527,gimseungmin@example.net
박수진,99899,세종특별자치시 서구 강남대길 188 (도윤정면),시우윤손타워,011-762-7470,hyejin72@example.org
문미정,37395,강원도 가평군 잠실가 948 (영희조박리),예진권김빌라,051-513-4627,baghyejin@example.net
이정수,58776,광주광역시 도봉구 석촌호수2로 590,미경오주타운 I동 293호,064-722-1433,yeongceolno@example.net
윤채원,41983,대구광역시 노원구 역삼로 873,성민오마을,063-092-5515,minjaegweon@example.org
박예진,98805,광주광역시 강북구 석촌호수177로 837 (종수김동),현정양윤아파트 716호,011-400-4783,iminji@example.org
김현우,96701,경기도 안양시 동안구 압구정073로 724-97 (현정전마을),정남이마을,011-388-8133,ui@example.com
손준혁,27996,울산광역시 남구 잠실4거리 611 (주원손읍),시우김이아파트,031-512-0273,bson@example.com
김명자,13859,서울특별시 동구 역삼380로 709-10,윤서김아파트 787호,042-003-3725,gweonjinu@example.org
김승민,76678,제주특별자치도 평택시 반포대거리 1,옥자김엄마을,033-297-1422,sbag@example.net
이옥순,16484,충청남도 강릉시 학동76길 281,하은우타워,063-542-7669,iboram@example.com
엄하은,44475,강원도 안양시 오금374가 179,정남정양연립 N동 140호,017-828-9278,subinbag@example.org
배종수,70442,충청북도 용인시 처인구 백제고분가 686-27 (영자황동),도현심타운 H동 370호,042-829-3628,eungyeong42@example.net
이미경,84764,서울특별시 강동구 선릉812로 857-56,선영김이마을,041-481-3045,gimminseo@example.net
최영수,80603,부산광역시 북구 잠실82길 272-44,준영김타운 977호,041-809-9426,gimjihyeon@example.org
오은정,74730,전라남도 보령시 언주5가 590-80,옥순김권아파트 T동 975호,010-0445-8021,gweonseonyeong@example.net
한중수,88377,광주광역시 광진구 서초대길 780-83,은정오타워 E동 979호,011-581-4259,lbag@example.com
이중수,56754,세종특별자치시 송파구 영동대거리 96 (지현이면),지은이아파트 I동 662호,011-413-1269,jsong@example.com
김정호,74636,서울특별시 남구 테헤란로 598-38,현주이아파트,042-865-6037,miyeonggim@example.com
이지후,80999,울산광역시 송파구 가락로 지하931 (아름박읍),동현김타운 P동 959호,070-0423-6723,yeongjinna@example.org
성상현,62049,충청남도 오산시 선릉929가 844,지후김마을,02-0884-4587,jeongung61@example.com
이예지,36062,경기도 포천시 선릉가 962-17,지후박이타운 630호,041-018-4547,juyeji@example.com
안상훈,32160,대구광역시 노원구 학동길 102,은주이빌라 694호,062-499-8417,siu14@example.net
송지훈,96353,인천광역시 관악구 선릉가 568,보람김이아파트 935호,019-555-7042,siubag@example.net
백숙자,27439,충청북도 안성시 선릉가 784 (진호장리),명숙오이마을,063-872-7526,igim@example.net
박종수,20615,울산광역시 송파구 서초대892길 933-22,아름서연립 303호,042-730-6650,hcoe@example.net
강혜진,02079,제주특별자치도 서산시 서초중앙126가 223-20 (정순김리),은서나안연립 O동 351호,042-673-1983,miyeonggim@example.org
황건우,15927,제주특별자치도 논산시 백제고분3길 지하436,성훈노마을 다동 009호,011-816-0500,gweonyeongmi@example.org
윤영숙,66801,경상남도 천안시 동남구 잠실거리 543,경숙홍타워 바동 735호,017-705-5037,yeongsig98@example.org
고명자,87946,경상남도 부천시 도산대09가 290 (숙자곽윤면),민석심타워,032-830-2174,minsusong@example.com
최성진,40167,경상북도 김포시 오금가 169-64,숙자김아파트,032-358-1752,jiyeon33@example.net
허수진,05125,전라북도 아산시 백제고분03가 891 (미영서리),유진강박타워 02동 245호,011-804-2502,myeongsugbag@example.org
오광수,98644,경기도 성남시 중원구 개포로 지하708,미영박이아파트,064-743-8624,mgim@example.com
강정식,83487,전라북도 보령시 잠실35길 지하759 (영진고장면),영진이마을 976호,032-307-3222,miyeonggim@example.org
우진우,00523,충청북도 안양시 개포754로 604 (지원안마을),옥자박타워 R동 604호,062-952-8748,jihun14@example.com
김은주,60293,전라북도 청주시 서원구 개포235가 68-27,현주윤박빌라,031-901-7208,fi@example.org
이예진,33692,제주특별자치도 예산군 강남대95가 484-71 (민재김유읍),건우이아파트 671호,063-166-8575,yeongilna@example.net
강도현,78787,경기도 파주시 서초중앙로 700-44 (준혁김동),윤서황타운,055-117-8775,miyeong25@example.org
최예준,68917,광주광역시 동구 테헤란거리 지하503 (재호김오읍),준호이안타운 U동 623호,054-919-7231,abag@example.net
노정훈,13175,울산광역시 중구 언주길 32 (순자최동),현우이빌라,010-8397-4138,hanjungsu@example.net
윤예진,96782,인천광역시 노원구 역삼346길 246-14 (하은김읍),지연김타워 I동 890호,043-002-7402,gimujin@example.org
지순옥,49435,충청남도 영동군 압구정21길 435 (숙자김이읍),정식황안마을 059호,055-879-0019,eunseobag@example.net
황윤서,15876,대전광역시 남구 도산대거리 720-94 (혜진김마을),성현김연립,033-534-1997,qi@example.com
김지은,57027,강원도 평택시 잠실로 189-89 (정수강읍),성현이아파트 570호,070-6335-4507,hyeonu29@example.org
박현숙,01582,서울특별시 성동구 개포2길 지하642 (미숙권오마을),춘자황김타워,061-052-3409,xgim@example.com
류영희,77209,광주광역시 동대문구 학동725길 44,서영서양타운 W동 999호,016-879-4040,seongsui@example.com
박예진,56093,전라남도 충주시 압구정로 308 (은서이차리),영일송김타운 770호,010-5886-8518,zi@example.com
박영진,73432,대구광역시 서초구 백제고분093가 280 (정희김면),지영김마을 175호,043-193-5813,yeji45@example.org
김준영,19214,경상북도 용인시 기흥구 압구정0가 지하26,상철김이마을 971호,063-751-8375,ihaeun@example.com
안미정,95240,세종특별자치시 서대문구 학동거리 323,경자이타워 K동 481호,031-652-2404,ugim@example.org
이서연,02918,대구광역시 강동구 언주가 285-59 (은지이박리),지우장타운 Y동 809호,070-5629-9712,iseonghyeon@example.org
이미경,61308,전라북도 정선군 도산대2로 371 (민준김민리),정숙김오연립,064-740-4457,myeongsugryu@example.com
김영환,91188,경상남도 춘천시 서초대거리 957-12,영자김이마을 O동 037호,016-544-4637,songsumin@example.org
오현준,07056,충청북도 청주시 서원구 백제고분거리 758-46,병철박타운 634호,019-183-0031,iminseog@example.org
서영일,86402,부산광역시 강남구 도산대길 798-15,영일김이타운 900호,062-535-7157,jeongsui@example.org
이영미,80206,충청북도 성남시 수정구 가락로 지하702,종수고연립 677호,011-329-2678,igim@example.net
손정웅,41435,경기도 예산군 학동가 408,예원이타운 W동 458호,054-515-9981,bson@example.net
이상철,98395,인천광역시 동구 서초중앙9길 93,지현오박타워,055-455-3655,seonyeong42@example.net
김정순,44045,서울특별시 광진구 개포가 119,준호김서빌라,042-233-3944,pi@example.org
이서연,31562,울산광역시 관악구 서초중앙896길 지하132,혜진김마을 053호,054-618-6574,anjia@example.com
홍미숙,66930,인천광역시 용산구 반포대거리 623-60,민지이빌라 078호,033-373-3167,whan@example.net
지현주,33509,경기도 태안군 서초중앙77길 681-15 (현지류읍),성진강아파트 Z동 202호,042-901-0041,doyun09@example.org
최성민,95823,부산광역시 중구 가락길 65 (상훈이동),하은김타워 893호,061-838-2341,fgim@example.net
김상훈,16757,전라북도 구리시 압구정78거리 814 (정식성동),미정김김연립 N동 034호,063-327-5189,subini@example.net
손지아,19412,제주특별자치도 평창군 학동67거리 247 (수민이면),순자이노마을 라동 381호,033-080-4779,junhyeog25@example.com
이은경,09029,부산광역시 광진구 서초중앙9가 340 (도현이박마을),정호엄이빌라 마동 090호,033-286-9343,seongjin27@example.org
이은경,05429,경기도 하남시 반포대가 434 (영호이읍),은주이이타워 E동 372호,042-366-8437,hongminseog@example.net
김예준,60495,대구광역시 남구 봉은사290로 8-99 (명숙유마을),성현이김빌라 345호,019-842-1531,vmin@example.net
손영자,16715,충청남도 계룡시 잠실974가 338-36 (영수강면),승현문홍아파트 I동 516호,064-750-0563,tgim@example.net
고옥순,70135,충청북도 옥천군 학동길 98,영미최마을 588호,018-508-8375,yejinson@example.org
김정희,20834,서울특별시 양천구 개포2가 817-48,성현허양빌라 042호,043-769-1465,gimogsun@example.org
김성현,90372,대전광역시 강동구 압구정838로 331,중수곽타운 P동 711호,019-960-2878,iseongjin@example.net
서경자,52500,세종특별자치시 성북구 서초대길 912-88 (영숙정마을),지우김나마을 093호,070-0846-3229,gimjunyeong@example.org
김순자,64039,부산광역시 성동구 논현74로 444-74 (경수이오동),시우손아파트 502호,062-095-7823,jihu03@example.net
정예원,25864,대구광역시 종로구 잠실0길 지하749 (성호이면),보람문안마을 166호,041-824-5415,rgim@example.org
안미숙,18796,인천광역시 성북구 삼성가 662 (정자김리),영자김마을 U동 626호,061-902-9921,fi@example.org
김수빈,27153,부산광역시 북구 백제고분81거리 51 (하은이면),성진김윤아파트 M동 311호,070-0986-7633,minseo41@example.org
임수민,36699,경기도 양평군 개포로 48-29 (지민안면),하윤김김타운 W동 177호,043-002-6997,yeonghyibag@example.com
박준혁,60974,서울특별시 강서구 서초대로 711-74 (명숙강읍),우진김김아파트,054-382-5574,hgwag@example.com
민지연,38601,서울특별시 양천구 석촌호수길 806,준혁김김타운 161호,017-677-7680,jeongungi@example.net
최승현,04751,세종특별자치시 서대문구 개포71길 467-54,예원이마을,031-973-7038,seongho50@example.org
고수빈,53042,세종특별자치시 도봉구 백제고분가 963,서윤김강아파트 619호,053-861-5522,cyun@example.net
권서준,33849,부산광역시 영등포구 도산대로 362-4,예준이강빌라 309호,064-799-8855,doyunno@example.net
김성진,34301,대구광역시 성북구 학동길 766 (정호김장동),성진이아파트 476호,031-485-8496,seongjinryu@example.org
안민준,04904,전라북도 청양군 압구정거리 79,명자권연립 Y동 440호,063-531-4188,seongjinan@example.com
이성훈,62155,강원도 춘천시 삼성7가 479-77 (은영조김리),영진김빌라,011-675-4537,gimsangho@example.net
김주원,38068,부산광역시 도봉구 테헤란2길 170,명자송최타워 594호,041-590-6311,jungsugo@example.net
장민석,78189,서울특별시 서구 도산대거리 555-5,영철윤이타운,032-875-5773,bagseoyeong@example.org
김보람,95392,대전광역시 동작구 영동대가 118 (은서전이동),영미이송연립 751호,055-651-9764,bagseongho@example.net
김민재,42265,광주광역시 양천구 선릉08가 112-90 (하은김읍),진우이연립 080호,010-1794-7475,minseogi@example.org
이영식,08113,세종특별자치시 구로구 언주거리 24-91,현정주타운 815호,031-905-8996,jeonghogim@example.org
차명자,53592,부산광역시 강북구 양재천가 289-70,순자김문아파트 447호,02-1832-5182,yejii@example.net
홍명숙,18243,광주광역시 중랑구 논현6로 757-64 (경자이김읍),민서구빌라 106동 111호,042-522-5343,minseogim@example.net
박서준,00689,충청남도 공주시 언주81거리 984-57 (예은이마을),영길주이빌라 F동 409호,033-480-4282,junhogim@example.com
김동현,97539,부산광역시 금천구 봉은사길 지하989,준호서김빌라 081호,052-342-3304,gimyeji@example.com
최하은,97065,경상남도 청주시 청원구 언주976로 490-1,정희윤아파트 마동 397호,044-402-7591,gimjieun@example.org
강예준,05722,전라북도 양구군 학동32로 263-69 (도현김백리),재호이연립,062-780-5917,yeongsuhong@example.com
이지영,93042,서울특별시 강동구 압구정198거리 954-2,지영김이빌라 나동 187호,018-216-5674,coeyujin@example.org
김지후,43154,충청남도 연천군 서초대9길 274-76,숙자이장타워 657호,063-717-9429,hyeonju50@example.net
양춘자,48483,경상북도 파주시 삼성708로 271,정남김김빌라 748호,017-108-3213,junyeongbag@example.com
박재호,49356,세종특별자치시 중랑구 오금로 717,은주박최아파트 78동 030호,02-9152-2307,anyeongsu@example.org
이승민,07776,대전광역시 종로구 강남대7거리 388 (지훈문면),지현장타운,033-159-3384,baghyeonjeong@example.org
이영길,80626,인천광역시 은평구 백제고분길 지하735,주원김아파트 S동 654호,031-342-6834,zno@example.net
박혜진,64435,경기도 시흥시 영동대로 258,선영이빌라 마동 136호,044-190-6797,seoyuncoe@example.net
이성민,47090,충청남도 원주시 학동4거리 14,상현김최아파트 W동 371호,063-497-2288,minseog97@example.org
박춘자,82467,경기도 속초시 역삼거리 284,예원이마을 다동 170호,032-397-1980,gimsubin@example.com
정정순,79488,서울특별시 서구 역삼길 422,지원김김타운 P동 751호,017-643-6088,isangceol@example.com
김영순,36816,전라남도 화성시 봉은사거리 214 (광수서김읍),민재김김타워,033-047-2532,simhayun@example.net
강은서,04719,제주특별자치도 수원시 권선구 언주길 905-62,재호김연립 376호,054-086-3929,qi@example.com
홍서윤,84121,제주특별자치도 안성시 역삼95로 787,미경박김아파트,070-2592-4237,yeongsubag@example.net
박우진,76404,울산광역시 구로구 삼성401길 732-78 (승민류이동),시우박홍타워 G동 073호,031-526-7456,eo@example.com
임예원,83151,울산광역시 강북구 역삼4거리 202-44 (수빈박읍),은서강연립 U동 834호,031-534-8060,khan@example.org
조채원,46588,제주특별자치도 청양군 압구정386로 40 (민수박면),정희배김타운 D동 867호,055-201-2648,jeongungi@example.net
류경숙,06344,부산광역시 중구 개포거리 지하178,상호남김연립 302호,018-872-3663,nryu@example.org
한병철,91234,충청북도 포천시 잠실거리 378-76 (춘자이동),동현이타워 라동 860호,010-6962-2006,jeongsu95@example.net
윤유진,18759,대구광역시 은평구 반포대299로 435-8,영수박빌라 S동 917호,055-260-5269,jhong@example.com
김숙자,81137,충청남도 서산시 가락033가 372,민준박김빌라 717호,062-357-2932,gwangsugim@example.net
박진호,21690,부산광역시 동작구 압구정로 778 (지원이주마을),시우김타워,033-048-3544,baegjeonghun@example.net
김영환,93088,강원도 계룡시 봉은사4길 307-4 (영숙조마을),도윤권빌라 K동 126호,017-400-5792,yeongceolgim@example.net
김성호,63660,경기도 여주시 선릉로 587 (순옥박양리),숙자이김빌라,055-778-4773,junhobag@example.net
한도현,43045,경기도 청주시 상당구 봉은사62로 650-27 (서현김리),재호최빌라,064-799-3531,gi@example.net
우춘자,21121,세종특별자치시 동대문구 언주가 436,선영김마을 291호,011-171-6070,suminseo@example.org
김지원,11207,전라남도 영월군 삼성로 255-16 (성민김이리),현주최아파트 G동 334호,061-724-1167,gangminji@example.org
곽민수,70912,부산광역시 용산구 개포길 697-51 (현정오리),지우장타운 419호,063-395-3644,gujuweon@example.net
서정순,80252,충청북도 광주시 선릉09가 35-68,종수문빌라,054-612-2232,iminjun@example.com
정지우,21212,울산광역시 성동구 선릉가 545,숙자조오마을 299호,062-460-4186,yeweonson@example.net
박성진,84850,광주광역시 마포구 서초대가 114 (병철권김리),성진최마을 U동 210호,044-043-0856,geonu65@example.org
박현우,40971,세종특별자치시 동구 역삼거리 489-77 (민지박이리),영철송연립,053-641-5636,eunjujeong@example.org
백경숙,70076,전라북도 성남시 논현8길 717 (옥순오김동),우진이마을 바동 180호,055-660-3295,seongsugang@example.com
박정자,06186,제주특별자치도 천안시 동남구 압구정7로 619,미정류김타운 543호,063-803-6614,sunogi@example.org
오영미,40946,경기도 양양군 논현거리 지하759,혜진이아파트,042-915-1287,imiyeong@example.org
이선영,17204,전라남도 수원시 언주로 45,현정정마을 O동 918호,052-091-0767,noseoyun@example.com
박지혜,84445,경상남도 안양시 백제고분로 640-49 (중수김리),지영장아파트 X동 754호,010-0653-4468,songcaeweon@example.org
노옥순,77149,충청북도 파주시 오금로 826,은영서빌라,033-163-1821,cgim@example.org
김정훈,38281,충청남도 천안시 동남구 삼성거리 지하5,승민김마을 B동 733호,032-700-6544,vgweon@example.com
김정훈,17468,경상북도 삼척시 역삼0길 76,지혜양류빌라 T동 846호,018-702-4092,gson@example.org
손영희,72144,경기도 태안군 가락76로 22-32 (시우안백마을),영일김아파트,053-459-1929,subinhong@example.net
장민서,32314,대전광역시 동대문구 역삼9가 478,승현이송마을,063-678-0359,qyun@example.com
홍보람,57002,부산광역시 은평구 도산대872로 830-38,춘자곽타운,032-719-6247,junhyeogsong@example.com
주예지,35816,세종특별자치시 금천구 언주길 820,경수김류타운 바동 009호,018-794-9043,jeongsugseong@example.org
장정호,77414,대구광역시 동구 봉은사9길 지하445,민재황타워 346호,054-840-4022,tgim@example.com
김경희,36069,광주광역시 은평구 서초대거리 지하46,성훈양김타워 235호,063-861-8963,sunja71@example.net
문민준,93115,세종특별자치시 동구 석촌호수9길 지하474 (아름이박리),혜진고이마을 179호,052-599-5832,ryuminseo@example.org
김시우,46620,부산광역시 성북구 선릉67길 지하204,민재박류마을,061-839-6662,gimyeongsu@example.com
김유진,83610,세종특별자치시 강동구 개포거리 563,숙자양타운,053-408-8024,seoyeoni@example.com
주수민,43255,경상북도 하남시 석촌호수510길 지하291,현지이아파트 505호,042-236-9735,areum16@example.net
윤정수,71499,경상남도 안산시 단원구 반포대225로 587-90 (도윤송최읍),하은최이마을 310호,018-357-0309,gbag@example.net
김미정,81449,울산광역시 양천구 오금거리 930-10,미정신빌라,033-345-8161,oseojun@example.net
장정호,93955,강원도 성남시 중원구 강남대거리 226,경수안김빌라 바동 458호,070-2919-5835,ijihye@example.net
손민재,58570,서울특별시 동작구 잠실20로 829-69,은지문김타운 170호,032-102-8241,bi@example.net
박옥자,79948,대전광역시 동구 개포로 44 (영호김김리),성현노황빌라,02-7658-9004,hyeonjun13@example.net
김정순,56916,울산광역시 강서구 봉은사길 229-28,수민김김마을 390호,016-079-0150,yeongceol16@example.net
장영자,49424,강원도 부천시 오정구 압구정699거리 154-47 (정웅박리),유진차타워,016-811-6011,jeongjaim@example.com
성재현,64581,서울특별시 강북구 석촌호수81로 91-90,현주박이마을,044-018-4088,myeongsug88@example.net
한예은,66712,전라북도 안양시 동안구 백제고분길 651 (혜진조안마을),하윤박고빌라 A동 572호,041-278-4755,iyeongceol@example.org
장영일,84725,경기도 보은군 백제고분875거리 289,정식안고타워,042-427-1926,seonyeong24@example.org
박미정,54178,경기도 영월군 서초대길 826,성수이전아파트,019-146-6058,yeonghwanseong@example.com
박영호,34431,인천광역시 동구 압구정가 지하587,정남진이아파트,018-823-0535,hyeonji15@example.com
오성진,51915,부산광역시 동구 백제고분로 889-7,동현최아파트 L동 725호,064-755-4628,jueunju@example.org
차영환,55277,부산광역시 서초구 학동3가 지하114 (민지장이마을),정훈안김타워,063-245-5877,yeonghwanan@example.org
박정숙,56931,전라북도 천안시 서북구 반포대가 지하292 (현우이읍),정호최권타워 마동 052호,061-001-6524,yeongil50@example.net
박지은,90267,경기도 진천군 개포길 59,현주차아파트,054-762-6570,jihyei@example.com
백하은,88215,대전광역시 동구 역삼0가 951-53,정남우고타운 063호,054-018-3035,jgim@example.org
임아름,43310,울산광역시 용산구 가락0길 지하238,춘자이타워,032-986-6165,bgim@example.org
김준혁,66424,서울특별시 남구 백제고분4로 173,정숙김지빌라,051-694-6068,minjii@example.org
박윤서,93900,강원도 천안시 서북구 역삼6로 687 (순옥이읍),영순이연립 852호,054-302-4036,suminno@example.net
양지은,43468,서울특별시 용산구 테헤란6거리 955-50,영일이연립,011-849-9267,isangceol@example.net
김영자,73664,경기도 군포시 오금길 403,영철류마을 Z동 928호,051-267-7218,jieuni@example.org
김도윤,51538,대구광역시 강동구 서초중앙로 730-11 (주원최김마을),예준김김빌라,018-711-1697,vgim@example.com
이미경,70330,광주광역시 송파구 언주49거리 468 (민준서이면),예은한이타워 478호,031-333-4444,gwangsugim@example.org
박지영,90828,인천광역시 영등포구 선릉16길 210 (상호박마을),혜진김이타운 826호,016-439-0259,jieunbag@example.org
이현우,34918,울산광역시 서대문구 삼성438로 230-1 (영환안김마을),병철김최타운 G동 113호,053-182-7325,jeongungbag@example.com
윤영길,81938,전라북도 부천시 소사구 테헤란로 788 (민재이동),정희고고연립,016-455-3329,hayun01@example.com
민진우,41258,전라북도 공주시 강남대0거리 지하921 (예은김마을),준서황아파트,010-4857-6485,igyeonghyi@example.net
최광수,78633,제주특별자치도 청양군 도산대로 523,영진이황아파트 B동 440호,054-803-4150,coeyeonggil@example.org
주영순,49152,울산광역시 종로구 백제고분506길 742 (정식이조동),미경이아파트,02-1318-0118,tgim@example.org
김영철,03460,충청북도 평택시 언주거리 594,숙자이빌라 마동 330호,043-226-9109,gyeongsug07@example.com
황진우,37346,대전광역시 강북구 선릉3로 790,정수류마을 603호,042-772-8118,sunjayun@example.com
김지우,25138,울산광역시 종로구 논현74가 319 (승민신이읍),동현김우타워 762호,052-482-6852,seongjingim@example.org
장정수,53271,충청남도 오산시 서초중앙가 585 (미정박리),승현박마을 U동 297호,054-804-3874,siubag@example.com
이명숙,47404,전라남도 영동군 오금9로 480-77,성민송타운 543호,016-467-9935,yeji58@example.org
이은경,87549,울산광역시 중랑구 서초중앙395길 624,재호문김타운 007호,052-522-7988,sinjimin@example.org
강경수,78130,서울특별시 중랑구 잠실5길 648-80,영미홍마을,031-936-9690,junhyeog18@example.org
이채원,49707,경상북도 의정부시 삼성67가 901-97 (옥순강동),성민고연립,064-755-9339,seojun07@example.org
강지훈,75657,전라남도 양주시 논현367가 12,승현한김연립 S동 474호,033-980-9836,hongyeeun@example.com
이중수,56251,전라남도 진천군 잠실길 355,현숙장빌라 014호,031-874-4439,hyeonji60@example.net
손정순,88667,전라북도 보은군 도산대16로 692-57,종수김전마을 B동 575호,064-707-1941,songsanghyeon@example.net
류재현,23094,울산광역시 중랑구 영동대98길 621-3 (은서이오마을),현지문빌라,064-701-7586,iseoyeon@example.net
이동현,99200,충청남도 평택시 양재천로 450,성호이아파트,064-778-0087,zi@example.com
박정남,11802,전라남도 구리시 강남대길 869 (상호강읍),은지양아파트 265호,016-753-1421,bi@example.org
김도윤,60511,전라남도 증평군 강남대거리 501 (주원이김마을),은영김빌라 707호,054-500-3898,agweon@example.org
박민재,36735,울산광역시 서대문구 개포1로 912,정남박연립 나동 716호,032-058-3074,eunjuca@example.org
이예지,15400,강원도 수원시 팔달구 압구정444길 지하248 (준서류황마을),건우김이아파트 886호,019-586-0542,junho22@example.org
하영순,09549,강원도 양주시 봉은사09길 161 (옥순황박면),민지이노타워,054-956-8258,gimjihye@example.org
박순자,48354,대구광역시 강동구 개포길 773,춘자김빌라,064-771-2388,haeun49@example.com
이영식,92119,서울특별시 금천구 서초중앙0길 406-6,은경이안마을 932호,055-992-6557,jihungim@example.com
박영환,27637,광주광역시 성동구 석촌호수가 231 (수민윤면),경숙조김아파트,019-294-9475,seongminbag@example.org
김중수,49902,대구광역시 광진구 삼성89로 817-98,미경김마을,02-8738-5229,sunog81@example.org
이경자,72100,충청남도 안성시 잠실0거리 300 (도윤이김리),경수이아파트 105호,063-662-7013,gimseonghyeon@example.net
이예진,76403,울산광역시 북구 삼성4길 927 (예진김리),미경서마을 L동 778호,055-471-5089,yeonghyigim@example.net
백경자,42670,울산광역시 영등포구 석촌호수920가 584 (지아김면),준영김타워 783호,042-422-8104,namyeongho@example.com
김현우,50133,대구광역시 서초구 석촌호수3길 814 (중수이동),영호전빌라,063-200-9433,ijuweon@example.com
남영철,02565,인천광역시 남구 영동대229가 539-61 (지영이김마을),주원엄이마을 825호,011-080-6750,areum54@example.net
김승현,74469,대구광역시 광진구 언주로 195,영미김최빌라,062-779-1005,junyeonggim@example.com
홍민재,47280,경기도 금산군 가락641거리 2 (상훈김리),상호류타워 R동 941호,062-149-0488,cbag@example.org
박혜진,99834,대전광역시 남구 학동728길 169 (정웅홍읍),현숙박타워,02-0536-8212,jaehyeoni@example.org
이영숙,22370,울산광역시 종로구 강남대58길 865,순옥박아파트,053-912-0587,gweonjunyeong@example.com
하시우,10542,전라북도 괴산군 석촌호수414로 지하845,미정백마을 H동 242호,054-085-9476,jeonghyi83@example.org
김지훈,57950,경상북도 진천군 삼성거리 173 (성현문읍),성민김연립,043-031-2568,hyejin40@example.com
문동현,63558,세종특별자치시 남구 양재천로 485 (지혜이동),옥순김오빌라 C동 399호,018-009-2126,mha@example.com
최중수,79126,인천광역시 노원구 반포대95거리 26-13,예은서타운,042-880-4010,qgim@example.com
이상철,79140,제주특별자치도 천안시 동남구 논현로 361,중수김김타워 O동 727호,070-1811-2886,baegwangsu@example.net
이상현,23484,세종특별자치시 남구 삼성20로 323-88,예은김안타워 790호,041-085-5404,sunjagim@example.com
황승현,62243,인천광역시 동구 영동대길 54-25,예진백권연립 V동 234호,033-231-7975,gimyunseo@example.net
강은정,39036,울산광역시 노원구 언주1거리 343 (동현이김리),서현윤김타운 Z동 145호,061-989-0654,ggim@example.org
최영진,12794,충청북도 포천시 역삼거리 16 (성훈이동),지원권마을 823호,052-190-6631,seoyeonbag@example.net
김순자,24224,인천광역시 강북구 학동4길 435-41,선영심타워 K동 454호,051-573-0228,bagjungsu@example.net
김정수,44472,경상북도 안양시 만안구 봉은사755길 884-8 (채원최이마을),경수하김빌라 K동 149호,031-334-3674,gimjimin@example.org
이옥자,62391,경상남도 하남시 양재천248길 971-94 (수진박김리),경자박김연립,055-634-5137,sunja29@example.net
김예진,52191,서울특별시 종로구 서초중앙99거리 지하230 (서현김리),영길김타운 X동 488호,011-652-6163,gwagogsun@example.com
남성호,74166,충청북도 성남시 분당구 서초중앙9길 921-9,상훈김김연립 W동 759호,054-116-4185,yeongmi50@example.net
김진우,43389,울산광역시 동작구 역삼가 627,도윤허서빌라 X동 986호,051-224-4267,vryu@example.net
송예진,49017,강원도 양주시 가락2길 807-77 (준서김권리),광수박아파트,010-4080-5529,yeeun71@example.com
장채원,46075,서울특별시 광진구 언주919로 332,지혜박이타운,02-2795-0672,yujingim@example.org
김경희,26109,서울특별시 중랑구 역삼235거리 665-96,영순안타워 430호,018-067-1590,jgim@example.org
김서윤,12901,충청남도 이천시 테헤란867길 79,성진윤이타운,062-732-9684,xgim@example.net
김지후,84184,전라북도 논산시 양재천417가 152,성호이이타운 232호,063-788-6461,yujin92@example.net
허동현,00003,충청북도 시흥시 개포738거리 240 (미경백면),성훈이아파트 163호,070-9328-4890,munyeongho@example.net
김정호,61969,충청남도 보은군 오금가 368 (성현신김면),현숙양이연립,064-740-0765,hyeonjubag@example.org
이아름,68587,충청남도 평택시 가락46길 709-48 (정훈이김리),수빈이이타워,055-664-1926,eungyeonggo@example.org
임도윤,90283,서울특별시 양천구 역삼5길 215 (경자김마을),옥자서이타운 416호,070-0789-4849,jeongsun03@example.com
최시우,05260,광주광역시 마포구 학동32거리 286-68 (정웅하윤동),지현김송아파트 M동 881호,061-027-8255,hongyeonghwan@example.org
남경자,17602,제주특별자치도 서산시 오금34가 969-61,상호남빌라 815호,033-038-2918,yejigim@example.org
강예원,56227,경상북도 철원군 언주로 612-55 (선영이구읍),영순강타운 C동 717호,031-042-7612,tcoe@example.net
김아름,35123,전라남도 동해시 서초중앙592길 지하775,옥순이아파트 S동 195호,041-001-3361,rsim@example.org
이지후,87211,인천광역시 광진구 언주길 978-60,종수김마을,063-935-2369,xgweon@example.org
이수진,91236,경기도 용인시 처인구 반포대14로 808 (정웅이리),지우김김마을,062-947-4748,ki@example.com
이현준,80925,경상북도 횡성군 역삼가 158,영숙김오마을 177호,052-067-7663,tsong@example.com
김영미,83058,경상북도 서천군 서초중앙가 518-21,서영허김타워,054-774-2754,ieunjeong@example.com
오수진,12840,경상북도 성남시 언주길 637-73 (민석황면),정웅이아파트,019-192-1130,minsu78@example.net
김준영,32504,부산광역시 양천구 영동대가 488-89,재현황이연립 479호,017-710-6557,gyeonghyi43@example.org
박영환,27005,제주특별자치도 태안군 서초대거리 403-45,영숙최이빌라 973호,044-557-9225,abag@example.net
홍은영,59184,전라북도 광주시 압구정0로 286 (지후박마을),수민손이아파트 F동 111호,064-738-4799,yeonghyi60@example.com
한윤서,18374,부산광역시 동구 반포대24거리 344-54,영호박최타운,041-744-3774,seoyun36@example.org
주은지,70883,경상남도 성남시 중원구 삼성길 960,상훈조아파트 라동 548호,044-898-2903,haeunbag@example.org
박순옥,27741,울산광역시 금천구 서초대로 879-75,지현김박연립,052-017-4661,hyeonji78@example.com
홍진호,04059,대전광역시 성북구 강남대길 693-82,순자장김마을,042-718-5430,jihyegim@example.com
황예준,35505,대전광역시 영등포구 강남대021가 278-20,지은송빌라,031-375-8588,gimeunseo@example.org
박영수,71249,인천광역시 동작구 선릉3가 897-39,순자고연립,018-394-0305,gimyujin@example.org
이상훈,64796,제주특별자치도 음성군 양재천847거리 919-48 (은서한리),성훈김타운 I동 989호,011-472-3047,coeyunseo@example.com
김상철,21479,광주광역시 용산구 양재천847가 500,진우최아파트 827호,070-0165-7908,gimsangho@example.com
이지후,27702,대구광역시 중랑구 서초대78길 760 (성현김남면),명숙배아파트,016-976-2458,heojinho@example.org
김민준,81791,대전광역시 남구 서초대로 985,경숙김타운 992호,052-652-9458,vcoe@example.org
김지영,06392,전라남도 진천군 테헤란922길 351,민지권서마을,010-3902-8757,hyeonjugim@example.net
장정수,93015,강원도 천안시 동남구 도산대길 지하509 (미경장이읍),준영김아파트 983호,02-4760-6237,bagminjae@example.org
박우진,78166,대전광역시 송파구 봉은사8가 909-78,성호윤최연립,011-863-4673,nojeongnam@example.org
강지영,80915,부산광역시 성동구 언주952길 727-44,숙자신타운 918호,031-750-3795,osong@example.com
허지은,30824,울산광역시 구로구 영동대2로 209 (춘자김읍),준서송이마을 262호,010-1289-8885,jiu79@example.com
김진우,31455,경상남도 안양시 만안구 가락거리 133-41,성수이손연립 726호,02-5915-8617,isujin@example.org
하영진,66181,충청남도 김포시 반포대거리 지하876 (현지노류읍),예준김하아파트,019-944-4225,junyeongjang@example.org
김경숙,45470,전라북도 포천시 도산대로 877,현숙김마을 F동 556호,064-733-8760,eomjunho@example.com
최현지,83984,제주특별자치도 청주시 청원구 석촌호수5가 365-93,영진김한타워 057호,017-952-0753,zi@example.com
이상호,72545,충청북도 음성군 양재천가 512-28 (윤서서박동),준혁이김타운,011-278-9074,eungyeong80@example.net
이영호,98388,제주특별자치도 청주시 상당구 영동대길 지하844 (예진박마을),정순홍타워 Z동 685호,031-412-9209,sangho03@example.com
이옥순,33695,전라북도 청주시 청원구 석촌호수로 428-86,병철박아파트,016-194-5272,jaehobaeg@example.net
김은주,13101,강원도 성남시 중원구 양재천9길 952,지아김장마을 615호,063-762-9537,jiugweon@example.net
김춘자,55971,세종특별자치시 서구 삼성로 817-50,정숙김김아파트,041-342-1492,pgim@example.com
한재현,57427,광주광역시 관악구 테헤란28가 406 (지은박리),민석이강타워 나동 897호,061-021-3206,gyeongja05@example.net
김영환,94477,강원도 안산시 단원구 논현315길 659-48,경자양타운,053-491-3364,sujin46@example.org
이영진,69585,경기도 고양시 개포거리 552-18,성수손김타워 615호,041-592-9790,junhyeog37@example.com
김도윤,94872,전라북도 청주시 흥덕구 서초중앙194거리 52,재호윤마을 가동 090호,064-759-8621,tsim@example.net
김숙자,59972,대구광역시 용산구 언주0길 625 (정수김이리),은주류연립 894호,054-057-4788,qseo@example.net
이경수,79307,인천광역시 종로구 압구정120거리 299,준호김연립,032-164-6728,jieun75@example.org
김지연,59146,대전광역시 서초구 봉은사로 475 (경자서구면),중수한타운 569호,052-665-8241,abag@example.com
이영진,58303,충청북도 태안군 개포0거리 263,우진이타운 660호,02-7063-7148,gimjinho@example.net
서영숙,04231,광주광역시 은평구 서초중앙거리 383 (상훈김김읍),영미김노타워 093호,051-771-4441,jaehoyang@example.net
김현정,79084,울산광역시 강남구 오금로 212,정남이엄마을,033-962-1845,hajimin@example.net
한민지,29088,충청남도 부천시 원미구 오금08거리 383 (재호김배마을),예준김타워,010-8559-4509,ri@example.org
강지후,04892,대구광역시 종로구 선릉로 987,성수우김아파트,070-2068-6830,yeongilhan@example.net
손시우,04550,제주특별자치도 구리시 역삼길 752 (민준송박리),현숙양문아파트,053-361-0829,jeongsun10@example.org
백예지,15966,경기도 화천군 봉은사71거리 18 (병철김이면),준서권서타워 L동 757호,042-493-2662,hyeonjuni@example.net
김재호,39946,부산광역시 동작구 학동40거리 713 (옥순이리),하은박김타운 881호,041-525-0792,ogang@example.net
박영호,64023,제주특별자치도 강릉시 학동97가 213,현숙홍타운 984호,062-686-9935,seoyeon70@example.org
심민서,73742,충청북도 안산시 상록구 오금가 574 (하은성마을),민석이백연립,032-153-6237,jangjeongja@example.com
백보람,60768,광주광역시 금천구 개포로 170 (지은이김면),정호손타워,033-370-9524,gyeonghyihan@example.org
김영순,64077,세종특별자치시 강서구 백제고분로 396 (건우이김읍),지은고나마을 N동 507호,061-962-5249,hasanghyeon@example.net
이지은,39250,세종특별자치시 북구 학동길 지하249 (정자강박면),정수고서타워,033-140-7639,jiagim@example.net
최현정,01960,경상북도 천안시 동남구 강남대가 271-44 (서영김마을),지원김타운 X동 266호,031-898-7510,jihun81@example.org
김은지,46185,부산광역시 북구 오금98가 349 (승민조박리),미숙엄빌라 K동 367호,010-9089-0872,hyeonjeongi@example.org
윤영진,81280,강원도 천안시 서북구 도산대0로 792 (혜진이읍),숙자박박타워 045호,032-990-2386,minseogim@example.com
윤현지,96137,대구광역시 강서구 개포104로 14-33 (하윤나마을),민서류마을,016-040-7271,gimmisug@example.org
전옥자,04342,강원도 안양시 동안구 봉은사거리 132,수민홍마을 96동 328호,043-812-0894,agim@example.com
김민지,84031,강원도 군포시 서초대거리 750-71 (수진최강마을),현우황이연립 마동 589호,018-233-8473,gimminseog@example.com
이진우,21746,제주특별자치도 군포시 압구정가 874-62 (성진박송면),성훈김박연립 782호,063-623-7799,hansangceol@example.net
김준영,55534,대전광역시 노원구 강남대로 611 (영수권엄동),은영김아파트 H동 076호,031-453-7258,hanyeongjin@example.org
배명숙,90740,전라북도 안산시 논현948로 537,시우이박연립 L동 784호,041-054-8667,coeseungmin@example.com
이숙자,81087,경상북도 남양주시 백제고분846가 387 (우진김마을),건우전김연립 65동 367호,011-321-4554,gimeunseo@example.net
강동현,66850,경상남도 부천시 원미구 봉은사거리 734,성진이아파트 509호,064-721-3342,seunghyeon16@example.net
장정자,01085,부산광역시 성동구 논현304길 768 (명자김동),지후양최마을 T동 782호,052-235-6616,gimjimin@example.net
이민수,78958,경기도 금산군 압구정거리 746-39,숙자박연립,064-764-0880,yeweoni@example.com
최순옥,74354,광주광역시 용산구 논현958거리 243-47,민석박김빌라 Q동 505호,033-379-9324,immigyeong@example.org
장예진,63211,광주광역시 금천구 학동2길 672-65 (동현정읍),예은김손타운,042-361-6414,baejuweon@example.net
윤재호,78404,세종특별자치시 양천구 언주거리 546 (중수조리),정자김김마을 894호,011-898-2289,ryuseonghyeon@example.com
이지아,61990,울산광역시 금천구 강남대071길 102-23 (은지서마을),승민김서아파트 Z동 844호,010-5685-2302,whong@example.com
백재현,45856,경기도 강릉시 서초대로 870-13 (민석안김동),동현박타워,051-360-8532,ryujongsu@example.net
김영미,22488,인천광역시 남구 석촌호수로 311,중수민최빌라 159호,063-133-3182,gimjeongsun@example.org
임경수,65001,경상북도 양양군 반포대758거리 631,은서김마을,031-363-1838,geonugim@example.org
이정식,67887,강원도 남양주시 개포253거리 지하810,옥자권김마을 729호,063-264-3088,jojeongsug@example.org
이하윤,55227,부산광역시 남구 서초대로 640,서준김아파트 755호,010-6875-5813,hayuni@example.org
윤은정,86842,대구광역시 은평구 잠실거리 지하201 (경희박이동),현주김타워 A동 681호,063-412-8794,bjo@example.com
이은주,84621,충청남도 수원시 영통구 오금로 지하486 (정자김동),정훈이김아파트 082호,062-998-8813,bagmisug@example.net
엄은정,84511,전라남도 원주시 백제고분로 861-90 (시우강김리),아름박마을,019-436-2340,haeunyeong@example.net
고지아,11595,서울특별시 종로구 테헤란가 579-4,정수황배아파트,018-652-4669,ijungsu@example.org
장준영,98080,경기도 양주시 가락가 450,지후박타워 538동 921호,043-788-9637,eunseoan@example.org
고서연,20580,충청북도 공주시 개포로 920 (혜진이동),지우최문타운 445호,032-722-9786,yeongsun87@example.org
박정훈,66218,강원도 공주시 역삼가 503,영철이이마을,031-740-0969,areumgim@example.com
송영길,52723,강원도 천안시 서북구 논현7거리 지하992,은경한안타운,041-170-5647,gimeunseo@example.org
이상현,10275,전라북도 용인시 기흥구 서초중앙88길 467,준서김타워 780호,061-166-2531,minjiseo@example.com
이영순,16432,경기도 진천군 영동대거리 341 (채원박김읍),성민김박마을,042-998-6505,seonghun19@example.org
안은정,25547,경상북도 단양군 가락거리 지하266,보람이김아파트 M동 384호,032-167-1566,cyun@example.net
장수진,88196,제주특별자치도 고양시 덕양구 논현776가 347-87,지후김아파트 Y동 718호,018-361-7216,sanghyeongang@example.net
성미영,93969,부산광역시 마포구 서초중앙41거리 189,정식황타워 645호,062-965-9278,yeongsu11@example.com
박정수,21561,전라남도 원주시 반포대8로 431 (지혜이홍리),서윤권연립 U동 174호,043-072-1808,jeongsig72@example.net
백지우,54897,울산광역시 광진구 강남대로 253-23,정남이남빌라,018-994-3301,dohyeon66@example.net
심영순,31392,전라남도 안성시 개포5가 254 (명자김면),경숙허이연립 U동 067호,053-971-8085,fgim@example.com
김상훈,33306,경상북도 강릉시 개포83가 지하315 (지민이마을),보람남빌라 258호,032-142-5712,hyeonu52@example.com
김민서,88627,서울특별시 성동구 봉은사979가 104-73 (하은이박리),성진김최아파트 944호,016-765-6642,doyun75@example.net
박지원,76154,대전광역시 강동구 잠실거리 869-99,정숙황타워,016-928-8681,eunju25@example.com
이서준,31668,세종특별자치시 서구 언주길 248-18 (종수이동),현숙이빌라,062-644-9404,seunghyeongang@example.org
박옥자,93797,인천광역시 금천구 백제고분6로 849,현준최김타워 833호,064-746-8814,hyeonsug36@example.org
김병철,98786,전라남도 정선군 역삼로 978-91 (정호남마을),정수김연립,018-970-5943,eyu@example.net
장경숙,65136,전라북도 태백시 서초중앙거리 869 (은경최김동),정희나아파트 283호,044-864-5812,yunseo56@example.com
양지혜,38440,경상남도 오산시 가락668가 512-45,민준최타운 바동 435호,011-321-7699,yejun08@example.org
권성훈,96968,제주특별자치도 구리시 석촌호수거리 508,정희문빌라 107호,051-951-9643,ci@example.net
강성호,92692,부산광역시 북구 강남대로 지하417 (예은이류리),수빈이마을 407호,041-072-2015,oi@example.com
김민수,32038,서울특별시 노원구 강남대로 599 (지혜박박면),진우윤한연립 929호,061-460-3683,isanghyeon@example.com
최서현,83950,대구광역시 은평구 논현81가 906-45,정수김타운,062-469-8672,hyeonji43@example.org
우정수,09489,경기도 수원시 팔달구 반포대57길 936,성수오마을 B동 518호,051-771-2225,ijuweon@example.org
박민석,05474,대구광역시 성북구 삼성가 853-53,지현권타운,017-350-2234,ogja95@example.org
박보람,47289,세종특별자치시 성동구 양재천거리 499-15 (민석문리),병철김타운,044-130-7002,eunjigim@example.org
김아름,69288,경기도 수원시 장안구 개포432가 552 (채원이박면),영식박최마을,016-728-0384,seonghuncoe@example.net
권영철,03356,부산광역시 영등포구 가락길 318,예준안타운 Q동 442호,064-770-0852,pgim@example.net
황은서,53690,충청남도 성남시 수정구 테헤란45가 343,은주양고타워,033-483-0899,caeweon48@example.com
김준영,36894,충청남도 증평군 언주거리 605 (은서김조리),지훈이아파트,070-3482-1742,gimbyeongceol@example.net
박미정,45303,울산광역시 동구 도산대0가 858,영숙류권타워,010-5340-4325,xi@example.com
최정숙,77089,충청북도 영월군 반포대가 868 (승현장읍),경자최강마을 마동 503호,02-6154-7550,bagyejun@example.com
김미영,78772,충청북도 의왕시 반포대로 120-91,윤서민김타운 600호,016-765-2712,eunjeong77@example.com
이영호,48869,경기도 양양군 역삼길 355-49 (은영박동),성진주박연립,043-533-5575,iseongjin@example.org
박우진,84793,충청남도 부천시 소사구 봉은사길 329-7 (지후김박마을),상철백허빌라 103호,02-1797-1151,qgweon@example.net
김은서,97000,대구광역시 동대문구 도산대거리 492-77,은주최김연립 바동 958호,032-056-7810,seonghyeon86@example.net
이수빈,20879,부산광역시 서초구 서초중앙2로 384-40 (현주김강마을),민서이타워 G동 153호,061-577-8548,mijeong65@example.net
최재현,51621,인천광역시 동대문구 압구정가 583 (민수강면),상철강마을 E동 225호,043-606-9628,jiweon05@example.org
김주원,76073,대전광역시 마포구 백제고분8가 768-49 (정훈이마을),정순백문연립 280호,054-683-2037,jinho43@example.com
서병철,95482,세종특별자치시 동구 백제고분가 659,진우김연립,019-955-2846,lryu@example.com
김미숙,16611,충청남도 진천군 논현거리 645,명자양빌라 987호,062-648-1933,cunjajang@example.org
김준영,71077,경상북도 보은군 논현4가 지하683,성진이홍아파트 238호,070-7151-7289,ogo@example.com
이영순,26210,전라북도 아산시 언주03길 651,경숙최박빌라,019-025-5483,miyeonggim@example.org
진지현,49391,전라북도 수원시 언주길 635,우진김김연립 155호,055-836-3196,jaehogim@example.org
이지우,65479,전라남도 홍천군 논현39로 633-99,진우주김아파트 U동 977호,042-951-0826,ngim@example.com
조현주,25033,전라북도 화성시 석촌호수거리 378-70,승현이마을,018-248-4898,doyunbag@example.org
박영일,61043,충청남도 춘천시 도산대11로 123,영수김마을,053-293-8827,bagyunseo@example.net
곽예은,59379,경상북도 용인시 기흥구 학동74길 394-51 (경수차동),정자박김빌라,053-977-1470,jungsu72@example.org
서성수,39373,충청북도 아산시 영동대8가 764 (예은이장마을),지현이조마을 791호,010-5003-1379,ybag@example.net
안영일,04381,광주광역시 서구 가락가 866 (종수박최읍),재현김김타워 708호,018-259-8538,coehyeonju@example.com
강지원,89391,세종특별자치시 금천구 논현466로 913,영철박이아파트 I동 355호,010-6543-0377,jungsu56@example.org
박성훈,48155,세종특별자치시 강북구 도산대거리 787-39,지영최마을 가동 907호,011-265-1811,jeongsigi@example.org
허민서,87182,경상남도 의왕시 언주40로 685-51 (윤서이마을),진우최타운 602호,052-670-6691,tgim@example.net
이재현,40802,대전광역시 영등포구 도산대거리 66 (광수이오마을),미숙박빌라 27동 912호,018-294-2718,ji@example.org
김정훈,40197,전라남도 홍천군 역삼길 364 (지영최고동),상현강마을 M동 547호,061-307-9792,shwang@example.org
박영환,55313,대구광역시 동구 봉은사거리 132,영호황아파트 C동 050호,052-732-7303,ugim@example.com
김상훈,02164,대전광역시 강남구 석촌호수61가 28 (현지유리),예지이빌라 545호,042-641-7958,subin99@example.org
박옥순,91959,대구광역시 성북구 테헤란76가 209-6 (지혜최김면),지민우타운 364호,011-085-6940,miyeongno@example.org
박재현,76821,대구광역시 성동구 역삼거리 지하545 (영길박이읍),서윤김강마을 699호,019-058-5118,sanghyeon00@example.net
박옥자,68311,대구광역시 성동구 개포39가 384-51,명자김안빌라,041-654-1013,gyeongja68@example.com
김성민,67772,충청북도 안양시 동안구 선릉85길 지하10 (서윤손동),은경김타워 A동 586호,016-549-8156,baggyeonghyi@example.com
박정훈,46433,충청북도 안산시 단원구 논현79길 625-97,은주강타워,044-182-1071,zmun@example.com
김영길,89494,울산광역시 송파구 언주9길 지하890 (민석박김동),정남양최마을 A동 563호,02-3919-3994,jeonghyi31@example.org
송정숙,22186,부산광역시 중구 잠실0거리 357-66 (은주이마을),경희남고빌라 17동 934호,070-3986-5983,sujingim@example.com
오은경,98803,전라북도 수원시 영통구 역삼79로 287,민서김연립 I동 440호,055-891-9564,seonghun88@example.net
이지후,87691,인천광역시 구로구 백제고분5로 지하930,정호김아파트 바동 381호,017-469-5828,yeonghwan36@example.net
이민준,66186,경상남도 의왕시 삼성64로 528,은주황김마을 372호,017-905-4370,yunmyeongja@example.net
구지혜,54405,서울특별시 도봉구 도산대5거리 116 (영자김읍),지아한타운 W동 152호,063-245-0287,jeongminseo@example.net
김서준,71156,충청남도 고양시 덕양구 봉은사가 547-52 (예진강김동),지민김타워,017-523-6378,cu@example.org
김경숙,23776,서울특별시 종로구 도산대거리 614,영미이타운,042-138-4782,jeongnami@example.org
허채원,94806,광주광역시 동대문구 개포2길 49 (유진권마을),성현김엄마을 522호,062-739-7870,ki@example.net
김은정,14428,강원도 제천시 백제고분9로 672 (지우곽리),정숙안아파트,052-477-7076,jinu96@example.org
김지훈,67074,경상남도 수원시 권선구 압구정가 512 (민서심홍동),은주김최아파트,031-807-1867,bagjunyeong@example.org
김정호,75201,세종특별자치시 용산구 영동대거리 660-95,은정한연립,064-718-2154,jinu15@example.net
이성현,31556,충청북도 광명시 백제고분가 349 (채원박면),정호조타운,017-311-9694,geonu42@example.net
강은영,27646,울산광역시 마포구 역삼442가 지하493 (상훈김동),현준전타워,051-591-5638,xbag@example.com
이영진,30397,경상남도 진천군 강남대로 97 (지연윤리),윤서강이타운 U동 654호,032-103-4046,hwangyeongceol@example.com
허윤서,11464,전라남도 시흥시 테헤란길 94-8,경숙김아파트,064-707-9547,areum62@example.net
장상호,90002,대전광역시 성북구 논현96길 940-78 (재현김김읍),재호황김연립 214호,016-176-8817,jangseojun@example.org
김영길,31450,대전광역시 송파구 양재천12로 47 (서현윤윤마을),성진이타워 T동 866호,064-778-2526,oyun@example.net
오준영,72799,대전광역시 금천구 언주447로 261-12,종수전마을 601호,054-047-5893,eunseobag@example.com
김서영,95446,제주특별자치도 수원시 팔달구 오금14가 168 (예준김박읍),영호진마을 182호,044-402-3512,minsui@example.net
나준호,59393,경상북도 천안시 서북구 서초대032길 지하128 (준영김이리),경자김김연립 V동 381호,042-773-4928,jihyei@example.com
김은서,96216,전라남도 영월군 백제고분998가 406 (현주오마을),민재서김연립 069호,063-782-9085,sangho39@example.org
이영환,60414,대구광역시 동작구 서초대59거리 554 (정자김리),아름남마을 787호,063-391-3483,sangceol03@example.net
김영수,78282,인천광역시 강북구 양재천가 564-67 (지혜최이동),주원이최타운 276호,064-707-6382,sangceol38@example.net
서정수,39270,제주특별자치도 고양시 일산서구 선릉로 964-64,현숙박박연립 G동 154호,017-035-7234,gweonjeongsun@example.com
김진우,81886,대구광역시 종로구 선릉길 917 (명자이마을),은영임이마을 996호,033-893-9841,jeonghunbag@example.com
안성진,84026,경기도 영월군 오금길 695-97 (도윤이김마을),정호김타운 K동 277호,031-526-8558,siuo@example.net
김하은,07859,충청북도 용인시 수지구 봉은사1거리 지하916,정호윤마을 Y동 460호,053-854-3022,baeggwangsu@example.net
남은경,66191,인천광역시 구로구 개포09가 845 (상철김이면),예진이이타운,033-203-0446,yeonggilgim@example.com
김정남,99238,인천광역시 광진구 역삼97가 290,현우김타워 P동 701호,033-229-3633,yeongjinbag@example.org
이미영,91375,충청남도 오산시 도산대84길 741,지원박아파트 307호,062-107-9245,jieun35@example.com
이정수,56387,인천광역시 북구 양재천로 310 (현정홍리),준영김곽빌라 658호,02-9197-1944,coejaehyeon@example.net
이영철,17480,충청남도 제천시 역삼거리 지하4 (민수이읍),지아박최마을 648호,055-583-5322,yejun12@example.net
이정훈,38402,울산광역시 동구 오금가 377 (민석양우마을),영일유전연립 F동 057호,032-777-8673,seonghun48@example.org
김우진,53290,충청남도 고양시 덕양구 봉은사24가 797-29,지혜배우타운,032-516-8510,jungsu60@example.net
장정훈,40377,서울특별시 종로구 잠실675가 435-68 (정웅김김동),영자송김빌라 764호,017-387-8633,jinhoha@example.net
이광수,57015,경상남도 남양주시 서초중앙364길 525 (성진이이면),영미황연립 550호,063-757-7061,yejiyun@example.net
최순자,95849,충청남도 파주시 양재천725가 472 (정호양최면),정수백박마을 H동 633호,052-846-2533,jeongsu14@example.net
장옥순,40706,전라북도 천안시 서북구 역삼길 309 (우진윤마을),은경윤타운,052-557-9757,migyeong87@example.com
김채원,25310,충청북도 고양시 일산동구 잠실4로 578-54 (숙자김김면),상훈홍오빌라 C동 657호,061-207-6542,jiyeong51@example.net
김은정,05842,강원도 보은군 서초대거리 471-1,예준이하타운,032-761-1549,jeongsu87@example.com
김정훈,39073,세종특별자치시 영등포구 양재천7로 230-55,경자박김빌라 988호,042-698-8210,ccoe@example.net
박순옥,47742,경기도 부천시 소사구 오금거리 538-20,성호윤황연립 886호,02-6420-1713,jeongungmun@example.com
류지영,69839,제주특별자치도 광명시 논현로 441-46,순자박연립 091호,053-754-9392,gangujin@example.net
성정수,67711,충청남도 청주시 상당구 언주거리 859-19 (보람고박면),혜진박황타워 W동 339호,02-5595-7466,migyeongi@example.net
신현정,08624,제주특별자치도 홍성군 석촌호수길 지하194 (지우이김동),순자김타워 942호,042-986-3931,jungsumun@example.net
장옥자,36816,경기도 동해시 삼성8로 지하331 (지연전최마을),준영이연립 O동 154호,070-8226-1654,heoyeongsu@example.org
김동현,87089,강원도 부천시 오정구 양재천길 406,주원최김타워 640호,051-648-7143,ubag@example.org
박현주,93322,대구광역시 강동구 도산대59로 706,서윤박장연립 679호,042-099-3503,ugim@example.org
강경자,93385,경상북도 정선군 서초대718길 144,현숙김김타워,044-132-0529,jeongja50@example.com
김은주,55608,인천광역시 마포구 테헤란길 974,민지김박타워 603동 450호,062-680-2683,ijunhyeog@example.net
홍정웅,12447,광주광역시 동작구 가락가 691 (현준유최동),미경김송타워,041-643-2289,gyeongsu92@example.org
김현지,76147,경상북도 영동군 가락가 755,영환김이타워,017-800-0279,siu73@example.org
황광수,26729,광주광역시 동구 서초대3가 616 (채원김동),상현김이연립 357호,016-303-4810,eunji32@example.net
김우진,63261,충청북도 예산군 양재천가 지하115,건우김이타운 036호,02-8651-1423,jeonghuno@example.com
이혜진,51848,부산광역시 중랑구 테헤란0거리 638-61,우진임타워 951호,061-250-8599,dgim@example.com
박영수,57426,전라남도 천안시 동남구 논현가 666-40,은영김타워 W동 648호,051-530-6164,gimseongjin@example.net
윤성수,38854,광주광역시 성동구 강남대40길 617-41,정호이문아파트 마동 952호,011-218-1806,caeweon02@example.net
박현준,30740,충청북도 논산시 반포대거리 938,옥자박김타워 358호,033-227-0107,junhogim@example.net
유순자,73358,부산광역시 중랑구 개포길 262-55 (정희최읍),현정장김마을 975호,053-638-9423,obag@example.net
이도윤,22152,광주광역시 동구 논현361가 327-18,재현장타운 049호,017-443-9696,eunseoca@example.com
조광수,42991,대구광역시 북구 강남대길 731-43,성훈박연립,042-997-4873,geonucoe@example.com
권영호,83184,부산광역시 마포구 개포길 935-84 (현지박김읍),영환김김연립 678호,055-613-2572,sangceolhan@example.com
조영철,38664,충청북도 단양군 석촌호수거리 지하716 (정훈김리),승민이타운 753호,055-106-0674,eunseohong@example.net
김현정,28306,전라남도 원주시 영동대로 38 (민재이마을),정남황연립,042-188-8743,iareum@example.org
배서영,03996,경기도 남양주시 언주가 370-43,병철최강아파트 L동 665호,033-481-0684,jiubag@example.com
이영순,18021,광주광역시 중구 개포가 718,현준김박마을 971호,061-136-3034,eungyeong37@example.org
김서준,68196,울산광역시 강서구 영동대6거리 329 (정순윤읍),민지한이마을 929호,052-525-5758,misuggim@example.net
박상호,82986,인천광역시 강동구 논현929거리 417 (정순김황읍),성현최타워 046호,061-806-2786,hanjunseo@example.org
전정훈,71807,광주광역시 서대문구 백제고분4거리 121 (은영안리),민재김아파트 J동 736호,055-905-3430,dgim@example.com
김현지,35365,경상북도 시흥시 역삼거리 456 (명자김읍),정훈박김마을 S동 791호,032-314-2734,ugim@example.org
송준호,06806,부산광역시 동작구 오금6거리 635,민준김최타운 158호,02-3902-7841,bi@example.net
권영자,79356,광주광역시 도봉구 반포대7거리 506,유진심타운 160호,054-669-9320,seonghojo@example.org
윤정호,91956,울산광역시 광진구 가락6가 854-74,영진이구타워 가동 949호,064-751-4657,yeweon93@example.org
최하윤,86559,전라북도 제천시 학동가 248 (지은문읍),보람정김마을 마동 575호,064-750-2455,juweongim@example.com
윤정호,35049,인천광역시 용산구 삼성531길 413,영호이강타워 765호,063-263-2289,minjun81@example.net
강지후,20397,충청북도 남양주시 선릉거리 922 (정희박오면),미영김이연립 Y동 366호,061-130-7854,hgim@example.net
이경수,41158,서울특별시 서구 테헤란가 지하362,혜진박신연립 416호,018-289-1868,eunji05@example.com
김상철,05510,서울특별시 서대문구 선릉길 634-22,영진김마을,011-628-4478,qju@example.net
한영식,18066,대전광역시 강서구 서초대가 지하678 (혜진전오리),준서차이타운,064-775-8113,igeonu@example.org
김수민,43174,울산광역시 동작구 양재천90로 26-56,혜진김연립 291호,051-142-6906,iyeweon@example.org
이옥순,29790,충청남도 서산시 테헤란613거리 92-52,진우신아파트 320호,061-407-4848,jinujang@example.net
박현주,64670,대전광역시 동대문구 도산대가 706-48 (민지민마을),춘자이연립 H동 867호,018-673-5448,bryu@example.com
민춘자,78634,충청남도 보령시 가락765거리 616 (정남배최면),현우김박빌라 I동 999호,041-152-8413,boram13@example.net
박지우,58256,대전광역시 영등포구 봉은사가 25-40 (명숙배김면),예준박엄마을 645호,017-094-6433,ubag@example.org
강영희,00891,인천광역시 종로구 언주거리 655-3,명자김타운 J동 710호,017-791-5368,yeongjabag@example.com
이광수,48832,광주광역시 용산구 영동대로 422-34,정순황양타워 286호,017-538-7978,donghyeon96@example.com
김민수,26176,충청북도 청주시 흥덕구 영동대로 111-78 (수민이면),영미강백마을 329호,032-873-5276,hyeonu39@example.org
김정숙,13126,서울특별시 강서구 도산대36로 350-54,민수김이타워 553호,051-873-4175,jiui@example.org
이정수,89317,충청북도 부천시 오정구 백제고분245로 891 (숙자강박읍),민수김윤아파트,044-628-5127,jiweon81@example.org
권진호,37160,서울특별시 동작구 가락318길 340-58,은경강연립,070-4112-1492,hsong@example.org
고승민,04084,광주광역시 은평구 가락가 688 (미숙이이리),지현김타워,041-807-6713,seongmin94@example.net
이서준,00509,전라남도 의왕시 서초중앙61가 297,진호이빌라 905호,02-1165-6361,dgim@example.org
권윤서,53172,대구광역시 구로구 서초대44거리 418,승민장타워 161호,051-910-4318,jeonghoson@example.net
박서준,03716,대전광역시 광진구 오금55거리 254-94 (정수한읍),영호홍이아파트 888호,051-598-0054,pjang@example.net
임혜진,68401,제주특별자치도 부여군 가락길 393-74 (상호김읍),준호조이타워 330호,017-858-0059,jihu10@example.com
서명자,82497,부산광역시 성북구 가락7가 915-53 (옥자이김동),정훈홍빌라 G동 873호,033-505-2162,yejin82@example.com
박준영,50008,충청북도 청주시 상당구 양재천길 977,윤서최박연립 705호,011-342-0079,seonghun46@example.org
송명자,10453,부산광역시 구로구 서초중앙로 420,경수김마을 283호,053-767-6414,ugim@example.com
오미숙,66001,인천광역시 북구 역삼로 지하407,경희박아파트,02-7398-9871,misug05@example.com
주민석,85919,강원도 태안군 강남대1거리 지하59 (서윤유리),지은이이타운,010-6346-9120,yunyeongmi@example.com
윤지민,86229,울산광역시 마포구 선릉74로 지하654 (상현한김면),진우신아파트,010-4296-2903,gimmijeong@example.org
이하윤,42210,대구광역시 송파구 테헤란299거리 467-9 (우진이리),영일주타워 123호,032-770-6128,pgim@example.org
김지민,70516,충청북도 청주시 흥덕구 선릉거리 989-93,승민박주타운 N동 542호,032-040-1901,hongseonghyeon@example.com
이영수,33207,세종특별자치시 강서구 선릉6로 35 (춘자서동),준혁안빌라 283호,044-483-9260,yeongsun87@example.org
성혜진,47613,경기도 하남시 서초중앙길 803-7 (병철심박리),옥자양타워 바동 541호,055-762-9977,hyeonsuggang@example.net
고수민,62921,전라남도 성남시 수정구 석촌호수로 480 (도현한리),서영한빌라,033-649-5915,jeongsug88@example.org
안현우,82309,제주특별자치도 서천군 역삼길 685 (영진최임동),종수김박마을 J동 771호,042-477-3525,thong@example.com
김경자,91237,제주특별자치도 과천시 학동로 775-11 (미숙이서리),미정박연립 552호,041-802-9221,misugbaeg@example.com
김은정,60170,전라북도 삼척시 오금2가 265-4 (영진서김리),준혁이김타워 882호,018-693-2223,hongyeonghyi@example.org
손경희,83581,충청남도 시흥시 오금074가 525 (정숙최박면),시우이박빌라 395호,061-817-7393,cgim@example.net
이은주,35346,경상북도 금산군 봉은사길 673 (영철한읍),성훈류빌라,061-660-9071,fi@example.org
이영순,49267,강원도 아산시 압구정로 846 (승현강이동),정자김문아파트 S동 411호,011-121-3083,jungsui@example.org
신예은,88711,경기도 충주시 가락길 309-98 (성민이김리),영일김연립 90동 635호,016-814-3072,mijeonggim@example.org
김성호,32689,제주특별자치도 양주시 백제고분0거리 526 (영수서마을),도현김타운,017-766-7317,hyeonuseo@example.org
김서준,99212,세종특별자치시 서초구 테헤란583거리 305,하윤이김아파트,018-723-2310,iyeongmi@example.org
유미경,60984,대전광역시 동구 역삼623로 343-31 (미정박허면),정남장이마을 바동 336호,061-849-0900,eunju49@example.org
하지원,40249,광주광역시 금천구 테헤란0로 221,지연서허연립 Q동 621호,010-0539-5207,seungmin92@example.com
차예은,98063,대전광역시 노원구 테헤란길 371-65,지영이타워 P동 869호,02-0244-3700,doyun52@example.com
김영식,44473,세종특별자치시 양천구 논현803가 529-1,민준김박빌라 328호,016-231-4251,gangjia@example.net
황민지,35852,인천광역시 영등포구 백제고분거리 228,정수김연립 694호,054-251-1497,caeweon36@example.org
윤현지,87581,강원도 수원시 영통구 영동대로 지하386,영일이김타운 850호,041-591-4235,iyang@example.net
장보람,23834,대구광역시 서구 백제고분길 268-83,보람백한타운,062-858-7875,jeongsig25@example.org
성정수,54658,경기도 평창군 봉은사92거리 104-36,명자박아파트 Z동 860호,02-9648-0267,yungyeongja@example.org
손지후,46837,서울특별시 동구 언주가 989,현정류권연립 706호,061-948-1860,bagyeonghyi@example.net
김정호,58893,울산광역시 강서구 삼성거리 650 (윤서강동),영환김이타운 560호,051-147-9895,seongmini@example.org
김예준,90283,경상남도 원주시 개포408로 767 (숙자김고리),승현김박타운 016호,061-055-2149,ojo@example.org
이지영,46790,인천광역시 송파구 논현가 170-11,민수이김마을 201호,019-281-0279,gimyeongjin@example.org
김상호,09662,충청남도 고양시 백제고분66길 지하851 (유진류강면),영식나타워 460호,063-086-2650,jgim@example.org
양춘자,83499,경상남도 평창군 반포대257길 지하366,상호김박타운 883호,019-921-7388,junyeongi@example.net
이영숙,73568,인천광역시 노원구 석촌호수10길 680-89 (예준김송면),지훈김김타워 868호,033-736-7500,iyeongsu@example.com
김하윤,70043,경기도 화천군 반포대937로 597 (은정최면),순옥노타워 마동 001호,052-444-5546,bi@example.org
임성현,72693,충청북도 용인시 가락44거리 846-66,민재민빌라,042-201-0023,ansunog@example.org
김은서,35138,경기도 포천시 논현6길 813-75 (경수서김마을),영환강타운 마동 179호,018-966-6404,geonugo@example.com
이순옥,65703,울산광역시 서구 반포대92거리 467-49,민지김타워,051-211-8450,eungyeongi@example.org
김영철,21259,전라북도 안양시 만안구 선릉0로 878 (상호박민마을),영수김손연립 N동 735호,031-587-7661,hyeonjeongi@example.net
장도윤,06213,대구광역시 서대문구 테헤란거리 지하932,현지주빌라 U동 755호,032-726-1264,gimyeongsig@example.com
박민준,17658,전라북도 하남시 봉은사7가 221,숙자이타운 001호,052-846-8681,muneunju@example.net
김예원,54057,충청남도 서천군 압구정6거리 지하596 (도현김김읍),광수허타워 라동 081호,010-1144-4379,minjae79@example.net
안성민,35004,충청북도 여주시 선릉길 882,현우최빌라 F동 784호,018-557-9188,coejunho@example.net
김영호,31025,대전광역시 광진구 백제고분01길 318 (현우김허읍),서영김빌라 16동 819호,051-994-6682,cunjagweon@example.net
김보람,41067,강원도 구리시 오금거리 694-56 (재호송정리),현우이연립 가동 212호,054-490-3013,ogyeonghyi@example.org
장지훈,55729,부산광역시 남구 양재천거리 21,영진이이타워,055-461-0955,kgim@example.com
서현우,29680,대전광역시 서대문구 영동대거리 664,보람하김타운 V동 143호,054-736-1574,di@example.org
문수진,99903,세종특별자치시 중랑구 개포가 963,미영장김아파트 가동 470호,016-533-8675,zgim@example.org
김영호,77507,부산광역시 남구 역삼334로 476 (은지김읍),지은나이연립 W동 036호,042-388-3125,mbag@example.net
최영호,47278,대구광역시 동구 오금29거리 153 (지훈이면),은경김아파트,053-092-0458,sugja79@example.com
최우진,87157,광주광역시 관악구 강남대길 169,광수송김타운 O동 235호,032-208-7559,seongho11@example.org
이지후,27687,부산광역시 서대문구 석촌호수로 895-61,수빈김빌라 779호,02-7241-7409,lgim@example.org
정정순,17831,대전광역시 영등포구 삼성길 966,민수김박빌라 T동 119호,019-889-6276,jungsui@example.com
안서준,56214,서울특별시 북구 언주4거리 349 (건우장면),수빈유장마을 795호,070-2864-2932,miyeong33@example.net
김옥자,14317,강원도 원주시 가락가 520-59 (승현김이읍),준호김이마을 J동 166호,016-245-7430,yeongjini@example.net
권영순,16744,대전광역시 성북구 테헤란거리 678,주원김타운 M동 442호,055-580-5163,wgim@example.org
이승현,16155,인천광역시 성동구 압구정거리 257 (영희류읍),지연양타워,054-005-9163,seongsu49@example.net
박미영,55569,경상북도 고성군 강남대90로 895 (지원김김읍),지혜한아파트 177호,052-709-0256,jeongsu57@example.com
황정희,49890,강원도 오산시 언주96로 999-41,정순안백타워 972호,064-793-8248,usong@example.net
김채원,70470,충청북도 삼척시 역삼343가 720-87 (순옥서면),정수박타워,018-895-7423,ijaeho@example.org
황성민,01986,서울특별시 구로구 서초대가 117 (현우박면),영철김이연립 마동 974호,032-873-5314,rryu@example.org
이성호,15264,전라남도 양구군 선릉497길 702 (은경권마을),명숙한연립 706호,055-339-6813,vgim@example.org
김은경,88411,충청남도 남양주시 봉은사로 693-13,성진김박타운 라동 753호,017-382-5506,gangsujin@example.com
박예진,15887,부산광역시 중랑구 학동가 833-93,수진김박아파트,010-1772-6269,bo@example.com
민성민,58076,광주광역시 서구 양재천05가 830,예진배손연립,044-294-4498,egang@example.com
박정남,58018,대구광역시 남구 양재천길 929-85,영식이아파트,033-373-2849,myeongjacoe@example.net
김민서,38313,대전광역시 성북구 잠실68거리 707 (승현고허읍),성훈허마을 281호,02-9249-2594,munmyeongja@example.org
김정훈,32408,인천광역시 서초구 선릉로 812,예원장김아파트,016-908-4337,seunghyeon53@example.net
박서영,15265,경기도 광주시 가락85거리 지하816 (지민김마을),우진김타워 Z동 690호,043-389-6829,jiagim@example.net
권준서,76062,제주특별자치도 태백시 서초중앙0길 593-67,성현김연립 J동 603호,041-759-8207,dgim@example.net
송진우,82273,대전광역시 도봉구 역삼05가 181 (서윤김리),영미김아파트 776호,016-913-3343,fgim@example.org
김지연,69655,경상남도 음성군 삼성가 608-74 (서연홍배리),수진남진타운,062-946-6046,yeongilgim@example.org
최서현,69854,대구광역시 강남구 압구정96거리 지하92 (동현조김동),영환박김빌라 나동 218호,063-542-9766,eunjeong76@example.org
이현지,22494,경기도 가평군 오금길 지하146,미영차타운,016-102-2675,minseogsong@example.org
최현우,17413,제주특별자치도 의왕시 개포거리 지하679,상철장박타운 582호,062-459-5000,oseo@example.org
이은영,82093,경상북도 성남시 분당구 학동35길 830 (병철이동),지혜이빌라 R동 180호,052-100-5906,minjae38@example.com
최영길,00541,경상북도 인제군 백제고분5로 113,민지김김아파트,062-032-2514,gimogsun@example.org
김승현,64007,경상북도 안산시 상록구 오금길 381 (숙자김리),은주김김마을 354호,032-541-8470,minji31@example.net
김예준,36817,제주특별자치도 여주시 강남대거리 지하590 (지연이한읍),영호김연립 G동 396호,064-705-4516,gimjeongnam@example.com
이진우,68858,충청북도 수원시 영통구 학동가 619-69,민서이타워 K동 197호,010-9029-5460,haeuncoe@example.org
이수진,42397,서울특별시 서대문구 도산대거리 지하420 (숙자류마을),중수이박아파트,017-049-3708,jeonghunyun@example.com
최정식,79486,대전광역시 강남구 가락가 지하596,준호장타워 마동 602호,042-363-6562,qi@example.com
김성현,40782,전라남도 시흥시 가락거리 944 (영진김박읍),민재김아파트,055-208-4142,pgweon@example.com
권숙자,50265,충청북도 속초시 백제고분075로 670-9 (예준윤동),은지박양타워,063-821-6391,egim@example.org
박정식,30902,서울특별시 송파구 양재천길 761-96,정웅김마을 582호,051-472-2832,dcoe@example.net
안옥자,67415,울산광역시 종로구 양재천114가 지하882 (민준최면),영환박이빌라,033-448-7689,mji@example.org
김민수,03065,경상북도 용인시 수지구 선릉75가 552-90 (현준김김동),민수임타운 O동 951호,054-693-7225,isujin@example.net
지정수,22553,울산광역시 서대문구 도산대길 207-92 (보람최양마을),명숙서김연립,064-792-7248,seoyunjang@example.org
김서연,89607,전라남도 태안군 개포길 646-25,예원박김아파트 937호,019-003-0546,jiminjae@example.net
홍하은,62247,강원도 홍천군 도산대로 637-40 (지영김마을),은서박마을 886호,051-799-3067,yeongilgweon@example.net
김옥자,04671,대전광역시 송파구 가락거리 지하632,승현이오타운 367호,032-169-5947,yunjihun@example.org
김명숙,60990,경기도 부여군 봉은사로 99 (현준서동),순옥최이타운 H동 011호,02-9636-2543,hyeonju99@example.net
이민지,62222,경상북도 청주시 청원구 양재천007길 315 (영환김마을),지영박아파트 A동 294호,011-224-1887,bagyejun@example.net
진영수,14250,경상남도 안산시 상록구 강남대로 432,현우서주마을 나동 309호,043-122-1971,minseogi@example.net
박영수,70883,강원도 수원시 팔달구 개포9거리 973 (경자성리),준호이빌라 다동 970호,041-470-6378,misuggim@example.org
최은정,10250,경상남도 음성군 도산대로 461 (종수김면),숙자박백연립,016-376-6273,junseobae@example.com
류병철,95374,경상북도 옥천군 강남대7거리 143,서윤오김타운 637호,052-173-2031,cbag@example.org
김미숙,41274,인천광역시 중구 반포대길 356,동현박김마을 761호,051-235-9238,ujinsong@example.net
박준영,47954,경상남도 원주시 테헤란278길 855,서현김김연립 V동 316호,042-777-7733,iogsun@example.net
신영숙,66677,제주특별자치도 부천시 오정구 봉은사820거리 511-23,상철김빌라,070-2713-6077,seongmin05@example.net
송정희,24829,경상북도 과천시 선릉68거리 705-4,서연이마을 340호,017-723-2176,egim@example.net
이하윤,44445,제주특별자치도 청주시 청원구 테헤란길 97 (상현이장면),종수김송빌라 N동 546호,010-2733-1229,shan@example.com
김경숙,16040,부산광역시 구로구 잠실거리 지하932 (예은이리),영희고김빌라 308호,017-829-7302,eunjigim@example.net
김정자,09897,울산광역시 은평구 가락길 664-42 (시우박민마을),채원이손타워 C동 462호,031-942-0482,jeonghun42@example.net
한영순,55752,부산광역시 동대문구 오금4길 795 (채원정한면),명숙김연립 183호,042-221-5045,sujin28@example.org
이주원,70488,서울특별시 강남구 서초대거리 394-19 (은영배읍),동현안김타운,070-7347-8540,ngim@example.com
고상호,94640,대전광역시 강동구 테헤란로 260 (지영최리),지원한김타워 778호,017-557-3440,vbag@example.net
이영수,48851,인천광역시 도봉구 학동로 지하373,준서이연립,017-070-2317,bagjuweon@example.net
남준호,52821,광주광역시 성동구 백제고분5가 977-40 (지영이마을),영철서아파트 B동 231호,019-509-0247,sanghyeoni@example.net
박영미,59206,울산광역시 종로구 강남대1가 192 (숙자김읍),지민김빌라 866호,061-847-2491,minjiheo@example.com
우승민,53804,전라북도 증평군 가락11로 723 (서연배면),준혁서문타워,062-066-3535,mijeonghong@example.org
김병철,66850,대구광역시 성동구 가락로 176-86,영철장강타워,054-289-0508,hyeonjun84@example.com
서민지,29479,광주광역시 중구 영동대가 850,준혁이박아파트 128호,043-813-2046,jiweon24@example.net
이서연,30072,대구광역시 광진구 테헤란2가 490,은지김오마을 다동 238호,019-979-1141,seoyeoni@example.org
이유진,90168,울산광역시 성북구 도산대033로 지하625 (성현임박동),재현오김연립,044-937-3076,yeji93@example.com
김채원,12606,대전광역시 서초구 영동대가 986 (현정오마을),준영이빌라 V동 344호,032-553-9679,siu01@example.net
김성진,81014,충청남도 안산시 오금6로 83-25,미정김연립 604호,044-019-8336,jimin60@example.com
안상훈,79916,강원도 안양시 동안구 압구정64거리 970 (성수김리),진호안황아파트 446호,061-356-0357,minsu36@example.org
김정자,48036,전라남도 성남시 잠실길 758-71,영자정김마을 158호,031-487-7687,yeeungim@example.com
장서연,20315,경상남도 성남시 수정구 잠실79로 528 (영희김읍),선영김권연립 586호,051-312-9869,jeongja09@example.net
박도윤,64378,충청북도 광주시 도산대가 979,진호이빌라 886호,017-112-2519,yeonghwani@example.com
김영호,27866,강원도 양구군 서초대0거리 175-46 (보람김최동),영미이최타워 90동 111호,061-782-6800,gweonsangho@example.com
배정수,34219,경상북도 수원시 장안구 양재천311가 627,채원김연립,062-864-9791,lcoe@example.net
김지아,37585,광주광역시 관악구 학동가 482-64 (상현이박읍),재호김강아파트,061-925-6312,jeongjagim@example.net
강수빈,87586,인천광역시 동대문구 서초대0가 838,현숙이송타운 H동 215호,070-4546-4275,fcoe@example.com
서진호,42364,경기도 수원시 권선구 테헤란0길 990-25,동현김타운 166호,031-346-9254,anjunseo@example.net
류우진,95518,울산광역시 노원구 개포733길 720-50,현준배빌라 879호,02-0773-7260,yi@example.com
윤아름,25941,세종특별자치시 은평구 가락가 121-4,하은박타운 Y동 512호,011-300-2214,seoyun84@example.com
김광수,76626,인천광역시 도봉구 학동27거리 161,지현류아파트 019호,011-972-3667,kbae@example.org
서지영,81695,부산광역시 광진구 잠실로 596 (서현이백리),성민민타운,033-556-0848,jia54@example.net
김혜진,02535,울산광역시 강동구 선릉길 881 (준혁박오읍),은영이서타운,043-046-1257,sangceoljang@example.org
김서영,15402,경상북도 용인시 수지구 오금2길 495 (지연지박동),우진김박마을,062-367-1909,xgim@example.net
박숙자,82721,경기도 옥천군 서초중앙34가 999,지현박연립,055-526-0440,gimboram@example.net
김하윤,55046,울산광역시 은평구 봉은사526길 666 (성진김박마을),정자권장마을 872호,055-089-8727,seoyeong32@example.com
이경희,28018,강원도 시흥시 석촌호수가 193,정숙황김마을 152호,053-988-1792,ci@example.net
이상훈,51930,경상남도 동해시 도산대67가 451-67,하윤황김타운,018-240-9026,jongsuan@example.com
장광수,80761,인천광역시 북구 오금거리 지하96 (순옥한권마을),정순김박아파트 B동 540호,017-355-2342,sangceolgim@example.net
문서영,38026,부산광역시 노원구 반포대8길 479,정수박이타워,019-488-9382,ki@example.org
한은정,14834,대전광역시 서구 학동89가 414,유진권이빌라,031-785-4567,pgweon@example.com
성민준,04935,강원도 부여군 강남대길 151 (정자김김마을),준영권이타운,051-591-3044,zryu@example.com
홍우진,38447,대전광역시 은평구 테헤란가 지하17 (영식최마을),하윤하김마을 D동 287호,043-713-8203,tgim@example.net
박숙자,95698,충청남도 원주시 오금거리 81,지원박신연립,041-787-3099,doyungim@example.net
허우진,84139,제주특별자치도 수원시 영통구 반포대길 417 (옥순김장동),민재심이마을 A동 196호,053-721-7131,migyeong35@example.com
홍정웅,55418,울산광역시 성동구 테헤란로 지하878,영희김타운 465호,051-880-1472,ki@example.com
송숙자,19375,경상남도 예산군 잠실8로 691 (옥순이리),현지김연립,061-280-9159,igyeongja@example.org
오진호,26640,광주광역시 구로구 가락699거리 838-88,성민진김타운 T동 202호,051-425-0136,iseonyeong@example.net
오영환,04000,서울특별시 노원구 잠실470길 733,성민나빌라 528호,033-611-1759,jiyeonggim@example.com
황은영,13290,서울특별시 동구 백제고분로 825-67 (준영최김읍),지연박이아파트 바동 528호,061-589-7538,gimsumin@example.org
이상현,63313,제주특별자치도 서천군 도산대거리 141 (주원김동),정희조마을 652호,018-423-2519,wseo@example.com
오선영,58745,세종특별자치시 강서구 삼성가 416-96,영자박김아파트 P동 047호,044-276-3323,migyeonggim@example.org
이지후,44008,광주광역시 성북구 잠실길 지하652,은주이타운 174호,033-549-6632,yeongceol82@example.org
장영호,70435,인천광역시 용산구 오금178가 129 (정숙최김면),하은허아파트,061-084-4935,gwangsu85@example.net
이지영,60467,전라남도 성남시 테헤란길 121-6 (순자이김동),서현허연립 039호,043-341-4561,gyeongsuhong@example.com
이숙자,04289,충청북도 남양주시 선릉97가 943-59,영환장아파트 096호,070-4196-0215,hayungim@example.org
박은주,98495,경상남도 안양시 양재천가 381,미숙조황빌라,055-442-5339,tbag@example.com
이병철,66834,세종특별자치시 서구 영동대로 576 (정순김마을),영희윤황타워 032호,016-051-3262,khan@example.com
박정희,06082,강원도 원주시 잠실387가 387 (예진김서리),정희김하아파트 731호,02-8273-8705,jihye11@example.net
김지훈,43227,강원도 서천군 선릉길 445-88,지민김연립,017-711-5032,gangyeongho@example.com
배영수,94080,서울특별시 용산구 백제고분924가 703-41 (순자홍읍),영식김타운,055-755-4377,hyeonu43@example.com
최우진,96042,강원도 청양군 영동대길 589-86 (영희조동),성훈민타운 295호,055-147-4799,jimin56@example.com
장영호,48381,울산광역시 강서구 압구정거리 874 (상철민권리),선영김마을,041-997-0465,lcoe@example.org
강영철,39205,인천광역시 동대문구 도산대267길 652-28 (현주주마을),영희전류타운 726호,041-402-1700,hcoe@example.com
곽영길,50122,경상남도 성남시 수정구 삼성가 740 (성민김읍),준영주박빌라,010-3204-6245,kgim@example.com
하미경,34204,경상남도 청주시 서원구 개포461가 지하397,승민서아파트,010-7004-6549,isugja@example.com
이성현,13577,인천광역시 노원구 잠실6가 674-71,윤서홍타운,053-528-5890,areumi@example.com
박준혁,30418,경상남도 삼척시 강남대620로 713-24,은정박타운 D동 197호,019-496-9871,yryu@example.org
이성수,67400,경기도 괴산군 서초대거리 24 (민지서김면),영진구김연립 H동 166호,033-895-0259,ggweon@example.net
김서준,04745,전라북도 부천시 소사구 봉은사길 800-87,영진김연립 048호,017-247-6976,gyeongja67@example.org
홍영호,72052,세종특별자치시 용산구 가락가 38,예준김타워 271호,061-279-3474,iyeongsug@example.org
한지우,48911,전라남도 동두천시 석촌호수로 723 (옥순김동),서영김마을,042-823-3278,gimhayun@example.com
고영자,82761,부산광역시 성북구 언주625로 280-17,성진황김타워 E동 274호,064-746-4016,cbae@example.org
박서영,19611,대구광역시 중랑구 석촌호수길 859-62 (혜진배권읍),현주서권빌라 Q동 045호,019-989-1501,yeongsun67@example.com
전수빈,16719,대전광역시 구로구 서초대07가 419-45 (선영김마을),영순오타운,051-845-0672,oi@example.org
김지혜,22044,세종특별자치시 서구 학동615거리 319-86,예준김이연립 J동 044호,016-908-7221,jihye91@example.net
홍정희,99388,세종특별자치시 남구 반포대가 552,승현정마을 M동 642호,051-656-8774,ai@example.com
고주원,24323,부산광역시 도봉구 서초대가 708 (지원이읍),도윤송박아파트 310호,053-747-4367,eunseo50@example.net
김지후,94948,충청남도 청주시 흥덕구 석촌호수1길 51 (예원김장리),순옥김타운,016-816-0768,kgim@example.net
박성현,47768,대전광역시 강남구 잠실로 3-16,은지이김빌라 Z동 539호,053-512-4397,bagboram@example.org
황시우,22922,세종특별자치시 송파구 강남대83가 303,민수성마을,02-7064-0599,jihu32@example.com
남민석,46319,대전광역시 도봉구 압구정1로 873 (광수오동),민석지송빌라 000호,062-169-5796,jimini@example.net
서선영,00136,세종특별자치시 강북구 석촌호수99길 619-37,도윤서아파트,031-884-5942,jgim@example.com
최지혜,28387,울산광역시 송파구 석촌호수길 지하49,성민김김연립,051-818-1805,yeweon85@example.org
김지영,78022,전라남도 용인시 기흥구 봉은사295거리 546-40,상호이남마을,070-9408-7042,bageunji@example.net
김성민,18287,전라남도 군포시 반포대14가 959-23,정웅김연립 라동 938호,044-517-1194,wgim@example.com
김영미,40229,경상남도 남양주시 논현4로 808-23,서윤박마을 라동 953호,017-857-6334,jihu59@example.net
이예지,96393,전라남도 금산군 오금5로 226-79,성호김장빌라,054-150-8343,jongsu87@example.org
김승민,12899,충청북도 군포시 서초대101가 427 (명자이오리),민석김아파트 332호,053-372-4512,gbag@example.com
김옥순,40169,세종특별자치시 마포구 영동대로 24-32 (민재이김읍),현주권최빌라 555호,064-726-7221,cbae@example.net
김은영,25593,대전광역시 중구 서초대거리 289-38,병철이허연립,041-766-0179,jiyeong83@example.org
박현우,15322,제주특별자치도 고양시 일산동구 개포거리 947-34,정숙이김타워,033-450-5779,junhyeogi@example.org
이예준,21194,경상북도 충주시 백제고분612거리 563-2,지훈김타운 616호,041-326-9853,myeongsuggim@example.org
박예준,92299,경기도 구리시 반포대12거리 380,성호최박마을,031-238-9721,yeongmigweon@example.net
김예지,62059,충청남도 남양주시 선릉51로 524-66 (영일김안동),영일김강타워,064-728-9384,migyeonggim@example.org
김승현,45933,제주특별자치도 서천군 도산대45가 258-23 (경희배황면),서현심연립,053-953-2316,jiweongweon@example.org
이정호,56528,세종특별자치시 송파구 서초중앙370로 941-79,진호김마을 053호,042-433-9335,gbag@example.com
이예준,32005,경상남도 철원군 테헤란거리 837-11 (은주김송동),지은장빌라 694호,061-023-9495,ogwangsu@example.org
고현지,69628,부산광역시 동구 석촌호수22로 380 (경자이면),준서김김마을 M동 768호,041-853-5142,coeseoyun@example.org
문민석,35744,강원도 용인시 처인구 영동대43가 지하763,현지권마을,041-911-0748,mijeongeom@example.com
이윤서,86475,대구광역시 성동구 반포대로 413 (영호박박읍),은지이마을 094호,032-029-3258,vbag@example.com
진옥자,78206,서울특별시 영등포구 백제고분로 795 (동현오박면),수민구이마을 507호,032-094-1970,jbag@example.org
최준호,58645,세종특별자치시 동대문구 학동거리 274-13,영순이김빌라,041-989-6940,lbag@example.net
김춘자,12977,강원도 천안시 서북구 서초중앙55로 75,중수박신마을,031-647-5083,sangceoli@example.com
김정희,59402,충청남도 부천시 강남대로 617,정수장타운 673호,031-070-0197,seunghyeon77@example.net
김예진,43552,충청북도 군포시 서초중앙길 455-8,도현노연립 Q동 533호,033-396-0300,hbag@example.org
김하은,22631,제주특별자치도 수원시 장안구 석촌호수로 505-72,성진이류타운 022호,017-798-6265,xgim@example.com
이민수,21591,충청북도 삼척시 선릉로 762,유진김김마을,017-241-5270,ugim@example.com
김도현,57811,충청남도 청주시 상당구 도산대거리 268 (영철조박읍),채원진최연립 713호,052-026-6978,gimjeongho@example.com
박영일,01617,세종특별자치시 양천구 백제고분84길 716,경수김빌라 D동 281호,055-092-8001,seongsuseong@example.org
장영진,11253,울산광역시 서대문구 강남대442로 799 (하윤이마을),영순윤연립,053-702-1937,bagyeeun@example.org
김준서,12573,세종특별자치시 용산구 선릉86거리 316-87 (지현김허리),예지박연립 F동 920호,011-626-7957,bagmyeongsug@example.net
서예진,06104,전라북도 보은군 논현7거리 797 (중수윤동),현숙최아파트 467호,016-024-1639,jeongho95@example.com
한승민,27496,경상남도 화성시 압구정길 689,영수김타운 다동 651호,061-393-3231,sonseohyeon@example.net
이춘자,51229,전라남도 천안시 동남구 역삼로 276,준서홍윤마을 348호,062-803-2876,eo@example.net
이정호,65629,전라북도 영동군 역삼198로 382-27 (정수김송리),예원김연립 U동 372호,070-6914-6877,dgim@example.net
윤상철,99471,대구광역시 동구 잠실5가 139 (은영김김동),지후김연립,070-6537-3915,sumin41@example.org
강건우,14770,인천광역시 성북구 백제고분4거리 769,지민홍마을 465호,044-717-2453,ogim@example.org
류정희,31163,부산광역시 마포구 압구정가 지하576 (은서강김마을),아름박타워,070-1550-0959,ihyeonju@example.net
이순옥,61849,인천광역시 동작구 서초중앙2가 지하244 (진호윤동),정웅황오빌라 M동 657호,042-647-8491,qo@example.org
김영일,33021,서울특별시 중랑구 선릉73가 919 (중수안마을),지훈윤타운 223호,033-487-3370,mi@example.net
오경희,12144,인천광역시 노원구 학동8로 187 (춘자이최마을),종수김김연립 V동 172호,018-218-9942,jongsui@example.com
안예원,40066,경상북도 부천시 오정구 오금137가 671 (지은박장마을),상호송아파트,042-381-6953,hgim@example.com
오정식,56335,울산광역시 관악구 압구정1길 769-52 (영호노동),미숙강진연립,044-570-7019,minjaei@example.com
김준영,25547,충청북도 부여군 양재천가 158,주원장이연립,017-208-2836,yeongjagim@example.org
김경숙,87602,충청북도 연천군 도산대907거리 585-77,정순박연립,019-871-3808,yeongsu12@example.net
장경자,33209,경상북도 횡성군 개포4거리 197,지민이아파트 960호,054-813-0133,myang@example.net
서광수,67241,서울특별시 서초구 선릉로 906-40,민준이타운 S동 169호,054-622-6349,siu75@example.org
지지영,27953,부산광역시 서구 석촌호수08가 757 (영자이이읍),숙자김안연립 076호,054-229-9857,qi@example.org
최정자,28378,경상북도 포천시 도산대길 215-92,옥순안아파트 035호,02-6837-0040,bgim@example.net
권수진,50195,부산광역시 금천구 강남대로 716 (지훈김김읍),채원손연립,064-768-5392,ogsunmun@example.com
이종수,48399,제주특별자치도 구리시 오금로 442,미영이이연립 470동 771호,042-394-8985,seongmin78@example.org
이준영,46656,부산광역시 노원구 학동207가 847 (준영안오리),준서나김아파트,064-725-1681,wgim@example.com
박지후,93481,강원도 홍천군 양재천길 529 (상현장마을),현준박연립 S동 063호,02-0182-5111,qheo@example.com
이도현,07155,대구광역시 강북구 봉은사길 302-69,경자엄노빌라 H동 204호,054-908-0834,igweon@example.org
우명숙,54043,강원도 평택시 봉은사3거리 120,민석김김아파트 다동 294호,043-795-2715,bi@example.org
오예은,30914,전라남도 양주시 양재천26길 138-27,현우김타운 384호,044-170-3248,gcoe@example.org
손민서,62142,세종특별자치시 남구 삼성가 624,미영김타운,054-134-2016,namminji@example.net
안은서,65172,대구광역시 강남구 강남대89길 543-34,서윤곽김빌라 772호,016-810-0620,qgim@example.com
김하은,38394,광주광역시 서초구 언주가 315,민석김아파트,010-7018-2597,kyun@example.com
안영순,86975,강원도 영월군 학동거리 560-18,성훈김김빌라 J동 032호,055-487-8786,anjia@example.org
양윤서,97663,강원도 화천군 양재천가 지하265 (지연이이리),하은김손아파트 747호,044-884-1670,seoyeong02@example.com
황정희,67934,전라북도 의정부시 강남대658가 387-83 (미경김김리),예은백김타운 C동 766호,051-752-3946,donghyeon08@example.org
박지훈,00728,광주광역시 성북구 논현006거리 270,지민이최마을 O동 764호,064-708-5776,ijinu@example.com
박현숙,54204,강원도 성남시 중원구 영동대가 407-28 (재현박김리),숙자홍송빌라,02-2774-7736,cbag@example.net
장서연,00250,인천광역시 영등포구 압구정49길 692-48,상철김배타운 622호,062-733-8012,doyunu@example.org
김도윤,26966,전라남도 증평군 오금길 120,은지김임아파트,02-8692-4384,ugim@example.com
서준호,62142,충청남도 시흥시 가락78길 714 (시우김동),옥자이김연립 I동 396호,016-029-0779,gimsangceol@example.com
오준영,95466,인천광역시 종로구 역삼360거리 265,은주이타운,061-674-3763,yejigim@example.com
이예원,03259,광주광역시 노원구 가락4로 475,성호김이아파트 D동 406호,010-9063-1442,dohyeonno@example.org
우보람,26886,충청북도 충주시 선릉가 406-68,경자김빌라 R동 476호,042-804-0111,yeeungim@example.net
이순옥,32804,충청남도 동해시 논현97거리 546 (영길권이리),도윤김박아파트 041호,016-767-0344,yeongho24@example.net
이지훈,76088,대구광역시 강남구 가락거리 219,광수김김빌라,064-768-0145,jojeongho@example.net
박성수,27452,충청북도 부천시 원미구 개포85가 305 (정웅김면),경숙김김빌라,064-711-7454,gimcaeweon@example.net
이정웅,02838,경상북도 진천군 압구정8로 407,성호우아파트 736호,018-090-3671,ybag@example.net
윤재현,18940,대전광역시 서구 백제고분거리 115 (현우신리),지연백김연립 841호,032-298-9335,iyang@example.org
홍준혁,73018,서울특별시 성북구 선릉가 161 (지후윤동),혜진주타워,061-894-9677,nyu@example.net
조순옥,11039,충청남도 양양군 석촌호수가 317-88,영수최김아파트,053-650-3229,sunja52@example.net
최병철,41310,경상북도 가평군 반포대가 283-14,영환최윤빌라 084호,044-265-7254,gimeunyeong@example.com
이은주,63811,부산광역시 용산구 오금거리 999-42,영수김오마을,016-315-3850,hayun39@example.net
김예준,42690,인천광역시 노원구 잠실로 780-56 (혜진안황면),서연김오타워 434호,054-598-9133,tji@example.net
김영환,24597,충청북도 단양군 압구정488로 90-43 (미경오주리),민수김강타워 809호,054-993-9581,sugjaan@example.net
강혜진,31141,전라북도 양평군 오금로 264 (중수김동),수진이김타워,041-279-8898,ogsun88@example.org
황성진,36478,부산광역시 중구 테헤란6거리 525 (재현박박리),은정최타워 975동 657호,061-251-8087,seonghyeon95@example.com
윤정남,69365,서울특별시 구로구 양재천466거리 988,지영이김아파트,017-383-5331,kyun@example.org
장지훈,75935,세종특별자치시 북구 테헤란7로 430,채원손이타운 285호,016-479-1112,minjae37@example.net
박아름,50824,충청북도 성남시 수정구 석촌호수로 20-91 (은지김김동),지현신타워,010-2567-9042,gimjihun@example.net
박민수,70355,충청북도 청주시 흥덕구 삼성로 957-33 (재호김읍),영식류타워,041-213-9855,jeongnambae@example.org
배윤서,23712,경기도 인제군 오금길 361-43 (영일김이읍),은서강최타운,010-3230-4976,sunogi@example.com
문민서,56692,경기도 안양시 만안구 서초중앙42로 365-6 (명숙김읍),은영윤장아파트 422호,032-897-1221,jeonghobag@example.com
김수진,92666,세종특별자치시 양천구 강남대로 121-62 (건우박김리),진우김김타워 936호,070-0898-3957,jiabag@example.org
문은서,10801,세종특별자치시 송파구 서초대2길 지하444 (정호류김읍),민석박황빌라,010-5857-2517,hyejingim@example.org
이미정,48532,서울특별시 금천구 개포로 지하277 (성진황읍),우진허최타워,016-313-4360,yejunbag@example.net
강하은,50579,제주특별자치도 성남시 도산대로 91-41 (민석이면),순자김아파트,052-644-8015,baegminji@example.net
김지훈,58125,경상남도 용인시 처인구 강남대거리 613-57 (은지이장리),민수백마을 236호,043-541-0812,minjigim@example.org
나수진,57130,전라북도 광명시 언주43로 520,미정오빌라 923호,063-297-5558,xbag@example.org
하우진,49973,경상남도 부천시 논현가 976-78,상훈박빌라 540호,019-983-8941,gimjuweon@example.net
김정웅,57345,광주광역시 영등포구 언주404가 156-96,서준김박빌라 597호,011-109-6234,bhwang@example.net
김은서,20992,충청북도 정선군 영동대3로 554-75 (정희김신리),진호김빌라 B동 935호,041-642-7168,gimbyeongceol@example.com
김민서,75435,충청남도 보은군 삼성로 913 (정웅윤면),상현이연립 K동 054호,044-363-5679,hi@example.net
박지우,05294,울산광역시 강서구 언주거리 236-92,광수손아파트 489호,010-4152-6880,hyeonjun00@example.com
최영일,41939,경상북도 안산시 학동가 830,예준문이아파트 062호,052-375-7406,yejincoe@example.net
박선영,87211,충청북도 안성시 영동대가 445-7 (아름이박마을),성훈김연립 836호,064-790-6812,eunyeong43@example.org
이광수,93846,경기도 수원시 영통구 백제고분194길 821 (종수김읍),성진김마을 R동 405호,063-718-8566,vseo@example.net
한지은,07987,부산광역시 구로구 학동거리 359,상호이이연립 G동 562호,019-838-0635,gimyeongil@example.com
최광수,30871,대구광역시 서초구 백제고분가 244 (수민박마을),옥순주김타워 바동 201호,018-738-3004,yeonghyison@example.org
김승현,57513,세종특별자치시 강북구 논현로 지하954 (상현오서동),지민이백연립,051-319-8944,minjae10@example.net
윤옥자,02240,전라북도 오산시 석촌호수6길 지하886,미정남타운,031-255-8682,mo@example.org
김예원,89296,경상북도 양평군 도산대921로 669-50 (우진박홍마을),재호강이연립,055-957-8576,lcoe@example.com
장영호,10520,전라남도 고성군 반포대거리 938 (경희엄엄읍),영자김마을 L동 136호,033-138-7976,qgim@example.net
문종수,22828,전라북도 과천시 잠실3길 701,지현김타운 402호,062-221-1815,vbag@example.org
홍지은,28094,대구광역시 금천구 반포대600거리 319-69,정식이윤마을 562호,02-4508-9718,imijeong@example.com
우경수,04535,경기도 오산시 도산대길 958 (유진김마을),광수최박타워 596호,044-379-3459,ngang@example.com
장명숙,83773,부산광역시 서대문구 역삼길 770,지혜유박아파트 V동 968호,053-196-0489,ogim@example.com
유옥순,05117,부산광역시 동구 테헤란거리 694 (준혁박강동),영진장마을 684호,033-662-3167,gimgyeongsu@example.net
이민서,59050,서울특별시 강남구 도산대360길 327 (도현김읍),지우이타운 Q동 689호,02-4485-5606,ngim@example.com
김경수,46332,인천광역시 서초구 테헤란12길 694,주원배마을 870호,017-325-3016,di@example.org
이지훈,94294,대구광역시 서대문구 잠실로 14-8,정웅김김타워,054-932-3802,geonui@example.org
안건우,41326,강원도 속초시 백제고분길 653-10 (윤서서최리),지은곽마을,052-677-7338,yeongsu48@example.org
노옥자,00671,강원도 하남시 삼성90길 645 (경숙김리),예지황빌라,032-129-4021,donghyeoni@example.org
류지후,85922,경상북도 영동군 삼성778길 지하808,미영김타운 나동 852호,02-1411-1947,gimogja@example.com
김서연,87769,울산광역시 중랑구 영동대가 662-39 (지아강리),성호김연립 533호,052-856-3900,seoyeon45@example.com
이수빈,58610,전라북도 청주시 청원구 양재천042가 178,상철김박타워,016-407-3420,omisug@example.org
김선영,12902,광주광역시 성북구 서초중앙0로 645 (준혁김윤마을),예진구타워,02-9767-8783,ngim@example.net
심준서,06607,대구광역시 동구 잠실46길 475,상철김하타워 B동 568호,02-7853-2170,doyunhong@example.net
송미경,79090,전라북도 파주시 백제고분433로 334,준혁김마을 A동 660호,070-7029-0273,baejaeho@example.org
김춘자,42490,광주광역시 북구 봉은사거리 816-66 (상호이면),채원오이아파트 977동 950호,031-013-5028,idohyeon@example.org
안혜진,16992,경상북도 동해시 반포대819가 347 (예진이면),윤서이아파트 396동 724호,064-777-7819,uo@example.org
양미정,16369,충청북도 홍천군 삼성길 923-84 (예진이김마을),도윤이연립 607호,043-510-4377,iyeongsu@example.net
박진우,19164,전라남도 아산시 도산대9거리 592-18 (중수안박읍),민준김연립 996호,033-685-8579,gimjeonghyi@example.com
김명자,68734,울산광역시 강서구 서초대869길 425-65,예준김타운,033-989-0571,hyeonu57@example.org
주동현,59675,경기도 용인시 압구정로 810-34 (광수이박리),준혁박이아파트,011-702-1129,hwangeunji@example.com
이아름,57762,대전광역시 강동구 영동대가 380 (서윤김리),영자김최타운 J동 177호,019-963-8870,jungsugim@example.net
이우진,40269,강원도 하남시 논현204로 지하311,정식차장빌라 735호,054-684-1857,jimin14@example.net
김성훈,21192,충청북도 의정부시 개포가 249,승현김김아파트 C동 414호,011-771-7564,jinho11@example.com
김경수,61283,경기도 춘천시 반포대1거리 504-2 (예은박권리),영자황최아파트 416호,070-1577-5300,sinminseo@example.net
박지아,72069,경상남도 군포시 언주로 500-97 (민준강우면),상현안타워,011-562-0231,ibyeongceol@example.org
이민지,87560,세종특별자치시 관악구 석촌호수길 651-26 (상훈진마을),지우이곽빌라 B동 701호,033-530-5068,vson@example.net
이채원,98200,전라남도 광주시 논현가 98,유진윤고마을 L동 613호,053-836-2344,jihyeon08@example.net
최지훈,02536,전라북도 성남시 수정구 양재천가 8-65 (은영한강동),미경김빌라,031-591-3014,jongsu81@example.org
김보람,09301,부산광역시 동대문구 양재천로 345 (영수김마을),하은장빌라 136호,063-102-1081,whong@example.net
김지원,85164,울산광역시 성북구 봉은사42길 지하548,상현주빌라 912호,032-276-6710,yeonghwanjo@example.net
김중수,82790,대전광역시 중랑구 서초중앙4로 591,예진김윤연립,031-879-2202,sinogja@example.com
백상현,43238,전라북도 이천시 개포38로 364,예지윤타운 769호,041-437-3399,yejin75@example.org
이주원,10393,울산광역시 서대문구 잠실1로 960 (영순류리),도현김이연립,055-527-4116,jeonghyi65@example.net
김순자,12992,경상남도 가평군 압구정길 497 (정희한읍),옥순김타운 마동 635호,019-832-4233,wcoe@example.com
문성진,47677,충청남도 보은군 강남대18가 735 (정식이정면),종수김이연립 804호,054-044-2118,gimjihyeon@example.net
박상현,29704,제주특별자치도 양평군 선릉로 897-26,예은성장아파트 315호,032-665-2267,sunja21@example.net
고현정,59598,전라북도 평창군 개포거리 920 (민수이마을),예준김유아파트,044-995-4891,gwangsubag@example.org
김은지,87606,제주특별자치도 용인시 오금61가 698 (서윤김김리),정수이타워 바동 448호,055-522-7750,hgang@example.org
장민준,38912,울산광역시 강남구 개포길 842,수민하마을 630호,063-842-2138,baejeonghyi@example.org
김경희,79458,세종특별자치시 송파구 봉은사4가 175 (정자정리),유진정마을 789호,062-176-3257,iminjae@example.com
김영길,35854,충청북도 홍성군 석촌호수59거리 992 (경수최면),영순정아파트 902호,032-303-1169,ijinho@example.org
이재호,74849,대전광역시 금천구 오금가 83,서연장권마을 973호,054-527-5338,gueunji@example.org
백정식,61936,광주광역시 양천구 언주013길 414-9,경희안아파트,055-814-9309,gimyeongsug@example.net
송영환,87615,광주광역시 강동구 가락로 288,영호김장아파트 라동 537호,043-302-2454,bagdoyun@example.net
강영수,33115,부산광역시 노원구 선릉56가 946,재현김타워,053-023-1756,minsuo@example.org
김서영,54126,대전광역시 중랑구 논현038가 지하611,영일심연립,043-884-5037,yangmigyeong@example.com
김진호,55446,서울특별시 강서구 양재천65가 91 (재현황임마을),영순이황타운 J동 047호,032-523-2621,donghyeoncoe@example.org
박영식,02500,인천광역시 종로구 테헤란길 359 (영순심읍),민서박김마을 114호,053-148-8112,sanghyeoni@example.org
김지원,55971,대구광역시 광진구 삼성거리 지하152 (현숙김윤리),예지장빌라 D동 733호,055-060-5857,fgang@example.net
이현숙,57840,충청남도 당진시 오금로 750-59 (동현김동),현지김하마을,019-545-1928,ison@example.com
김상호,33084,세종특별자치시 강북구 역삼02가 지하126,숙자김박마을,010-4780-0023,siu96@example.org
김광수,85001,경상남도 광주시 도산대158길 494-72,은지김김연립 052호,061-904-6114,jongsu91@example.net
김은주,66686,경기도 화성시 삼성가 62 (우진박리),수빈이아파트 Q동 896호,052-561-1844,hyeonsug58@example.net
윤혜진,68689,대구광역시 서초구 오금459거리 934,지후김타운,061-832-1106,jeongsug67@example.org
이정순,25544,충청북도 정선군 학동가 지하862,지현조연립 312호,051-405-6022,jeongsu46@example.org
김은정,84001,충청남도 시흥시 학동074길 254,광수구박연립,064-794-6205,iareum@example.net
박지후,95647,충청남도 안성시 봉은사가 416-65,예진김김연립 821호,044-034-0664,miyeong17@example.com
